  0
SECTION
  2
HEADER
  9
$ACADVER
  1
AC1027
  9
$ACADMAINTVER
 70
105
  9
$DWGCODEPAGE
  3
ANSI_1252
  9
$LASTSAVEDBY
  1
ezdxf
  9
$REQUIREDVERSIONS
160
0
  9
$INSBASE
 10
0.0
 20
0.0
 30
0.0
  9
$EXTMIN
 10
1e+20
 20
1e+20
 30
1e+20
  9
$EXTMAX
 10
-1e+20
 20
-1e+20
 30
-1e+20
  9
$LIMMIN
 10
0.0
 20
0.0
  9
$LIMMAX
 10
420.0
 20
297.0
  9
$ORTHOMODE
 70
0
  9
$REGENMODE
 70
1
  9
$FILLMODE
 70
1
  9
$QTEXTMODE
 70
0
  9
$MIRRTEXT
 70
1
  9
$LTSCALE
 40
1.0
  9
$ATTMODE
 70
1
  9
$TEXTSIZE
 40
2.5
  9
$TRACEWID
 40
1.0
  9
$TEXTSTYLE
  7
OpenSans
  9
$CLAYER
  8
0
  9
$CELTYPE
  6
ByLayer
  9
$CECOLOR
 62
256
  9
$CELTSCALE
 40
1.0
  9
$DISPSILH
 70
0
  9
$DIMSCALE
 40
1.0
  9
$DIMASZ
 40
0.175
  9
$DIMEXO
 40
0.125
  9
$DIMDLI
 40
3.75
  9
$DIMRND
 40
0.0
  9
$DIMDLE
 40
0.0
  9
$DIMEXE
 40
0.375
  9
$DIMTP
 40
0.0
  9
$DIMTM
 40
0.0
  9
$DIMTXT
 40
0.25
  9
$DIMCEN
 40
2.5
  9
$DIMTSZ
 40
0.0
  9
$DIMTOL
 70
0
  9
$DIMLIM
 70
0
  9
$DIMTIH
 70
0
  9
$DIMTOH
 70
0
  9
$DIMSE1
 70
0
  9
$DIMSE2
 70
0
  9
$DIMTAD
 70
1
  9
$DIMZIN
 70
12
  9
$DIMBLK
  1
ARCHTICK
  9
$DIMASO
 70
1
  9
$DIMSHO
 70
1
  9
$DIMPOST
  1

  9
$DIMAPOST
  1

  9
$DIMALT
 70
0
  9
$DIMALTD
 70
3
  9
$DIMALTF
 40
0.03937007874
  9
$DIMLFAC
 40
100.0
  9
$DIMTOFL
 70
1
  9
$DIMTVP
 40
0.0
  9
$DIMTIX
 70
0
  9
$DIMSOXD
 70
0
  9
$DIMSAH
 70
0
  9
$DIMBLK1
  1

  9
$DIMBLK2
  1

  9
$DIMSTYLE
  2
EZDXF
  9
$DIMCLRD
 70
0
  9
$DIMCLRE
 70
0
  9
$DIMCLRT
 70
0
  9
$DIMTFAC
 40
0.5
  9
$DIMGAP
 40
0.1
  9
$DIMJUST
 70
0
  9
$DIMSD1
 70
0
  9
$DIMSD2
 70
0
  9
$DIMTOLJ
 70
0
  9
$DIMTZIN
 70
8
  9
$DIMALTZ
 70
0
  9
$DIMALTTZ
 70
0
  9
$DIMUPT
 70
1
  9
$DIMDEC
 70
2
  9
$DIMTDEC
 70
2
  9
$DIMALTU
 70
2
  9
$DIMALTTD
 70
3
  9
$DIMTXSTY
  7
OpenSansCondensed-Light
  9
$DIMAUNIT
 70
0
  9
$DIMADEC
 70
2
  9
$DIMALTRND
 40
0.0
  9
$DIMAZIN
 70
3
  9
$DIMDSEP
 70
46
  9
$DIMATFIT
 70
3
  9
$DIMFRAC
 70
0
  9
$DIMLDRBLK
  1

  9
$DIMLUNIT
 70
2
  9
$DIMLWD
 70
-2
  9
$DIMLWE
 70
-2
  9
$DIMTMOVE
 70
2
  9
$DIMFXL
 40
1.0
  9
$DIMFXLON
 70
0
  9
$DIMJOGANG
 40
0.785398163397
  9
$DIMTFILL
 70
0
  9
$DIMTFILLCLR
 70
0
  9
$DIMARCSYM
 70
0
  9
$DIMLTYPE
  6

  9
$DIMLTEX1
  6

  9
$DIMLTEX2
  6

  9
$DIMTXTDIRECTION
 70
0
  9
$LUNITS
 70
2
  9
$LUPREC
 70
4
  9
$SKETCHINC
 40
1.0
  9
$FILLETRAD
 40
10.0
  9
$AUNITS
 70
0
  9
$AUPREC
 70
2
  9
$MENU
  1
.
  9
$ELEVATION
 40
0.0
  9
$PELEVATION
 40
0.0
  9
$THICKNESS
 40
0.0
  9
$LIMCHECK
 70
0
  9
$CHAMFERA
 40
0.0
  9
$CHAMFERB
 40
0.0
  9
$CHAMFERC
 40
0.0
  9
$CHAMFERD
 40
0.0
  9
$SKPOLY
 70
0
  9
$TDCREATE
 40
2461257.059872685
  9
$TDUCREATE
 40
2458532.153996898
  9
$TDUPDATE
 40
2461257.0598842595
  9
$TDUUPDATE
 40
2458532.1544311
  9
$TDINDWG
 40
0.0
  9
$TDUSRTIMER
 40
0.0
  9
$USRTIMER
 70
1
  9
$ANGBASE
 50
0.0
  9
$ANGDIR
 70
0
  9
$PDMODE
 70
0
  9
$PDSIZE
 40
0.0
  9
$PLINEWID
 40
0.0
  9
$SPLFRAME
 70
0
  9
$SPLINETYPE
 70
6
  9
$SPLINESEGS
 70
8
  9
$HANDSEED
  5
48E
  9
$SURFTAB1
 70
6
  9
$SURFTAB2
 70
6
  9
$SURFTYPE
 70
6
  9
$SURFU
 70
6
  9
$SURFV
 70
6
  9
$UCSBASE
  2

  9
$UCSNAME
  2

  9
$UCSORG
 10
0.0
 20
0.0
 30
0.0
  9
$UCSXDIR
 10
1.0
 20
0.0
 30
0.0
  9
$UCSYDIR
 10
0.0
 20
1.0
 30
0.0
  9
$UCSORTHOREF
  2

  9
$UCSORTHOVIEW
 70
0
  9
$UCSORGTOP
 10
0.0
 20
0.0
 30
0.0
  9
$UCSORGBOTTOM
 10
0.0
 20
0.0
 30
0.0
  9
$UCSORGLEFT
 10
0.0
 20
0.0
 30
0.0
  9
$UCSORGRIGHT
 10
0.0
 20
0.0
 30
0.0
  9
$UCSORGFRONT
 10
0.0
 20
0.0
 30
0.0
  9
$UCSORGBACK
 10
0.0
 20
0.0
 30
0.0
  9
$PUCSBASE
  2

  9
$PUCSNAME
  2

  9
$PUCSORG
 10
0.0
 20
0.0
 30
0.0
  9
$PUCSXDIR
 10
1.0
 20
0.0
 30
0.0
  9
$PUCSYDIR
 10
0.0
 20
1.0
 30
0.0
  9
$PUCSORTHOREF
  2

  9
$PUCSORTHOVIEW
 70
0
  9
$PUCSORGTOP
 10
0.0
 20
0.0
 30
0.0
  9
$PUCSORGBOTTOM
 10
0.0
 20
0.0
 30
0.0
  9
$PUCSORGLEFT
 10
0.0
 20
0.0
 30
0.0
  9
$PUCSORGRIGHT
 10
0.0
 20
0.0
 30
0.0
  9
$PUCSORGFRONT
 10
0.0
 20
0.0
 30
0.0
  9
$PUCSORGBACK
 10
0.0
 20
0.0
 30
0.0
  9
$USERI1
 70
0
  9
$USERI2
 70
0
  9
$USERI3
 70
0
  9
$USERI4
 70
0
  9
$USERI5
 70
0
  9
$USERR1
 40
0.0
  9
$USERR2
 40
0.0
  9
$USERR3
 40
0.0
  9
$USERR4
 40
0.0
  9
$USERR5
 40
0.0
  9
$WORLDVIEW
 70
1
  9
$SHADEDGE
 70
3
  9
$SHADEDIF
 70
70
  9
$TILEMODE
 70
1
  9
$MAXACTVP
 70
64
  9
$PINSBASE
 10
0.0
 20
0.0
 30
0.0
  9
$PLIMCHECK
 70
0
  9
$PEXTMIN
 10
1e+20
 20
1e+20
 30
1e+20
  9
$PEXTMAX
 10
-1e+20
 20
-1e+20
 30
-1e+20
  9
$PLIMMIN
 10
0.0
 20
0.0
  9
$PLIMMAX
 10
420.0
 20
297.0
  9
$UNITMODE
 70
0
  9
$VISRETAIN
 70
1
  9
$PLINEGEN
 70
0
  9
$PSLTSCALE
 70
1
  9
$TREEDEPTH
 70
3020
  9
$CMLSTYLE
  2
Standard
  9
$CMLJUST
 70
0
  9
$CMLSCALE
 40
20.0
  9
$PROXYGRAPHICS
 70
1
  9
$MEASUREMENT
 70
1
  9
$CELWEIGHT
370
-1
  9
$ENDCAPS
280
0
  9
$JOINSTYLE
280
0
  9
$LWDISPLAY
290
0
  9
$INSUNITS
 70
4
  9
$HYPERLINKBASE
  1

  9
$STYLESHEET
  1

  9
$XEDIT
290
1
  9
$CEPSNTYPE
380
0
  9
$PSTYLEMODE
290
1
  9
$FINGERPRINTGUID
  2
{DE1CFD7F-AE1F-4771-8729-B31423A8EBAB}
  9
$VERSIONGUID
  2
{C39A9D1C-2460-4B2C-BF6E-BF853AFE9CBB}
  9
$EXTNAMES
290
1
  9
$PSVPSCALE
 40
0.0
  9
$OLESTARTUP
290
0
  9
$SORTENTS
280
127
  9
$INDEXCTL
280
0
  9
$HIDETEXT
280
1
  9
$XCLIPFRAME
280
1
  9
$HALOGAP
280
0
  9
$OBSCOLOR
 70
257
  9
$OBSLTYPE
280
0
  9
$INTERSECTIONDISPLAY
280
0
  9
$INTERSECTIONCOLOR
 70
257
  9
$DIMASSOC
280
2
  9
$PROJECTNAME
  1

  9
$CAMERADISPLAY
290
0
  9
$LENSLENGTH
 40
50.0
  9
$CAMERAHEIGHT
 40
0.0
  9
$STEPSPERSEC
 40
24.0
  9
$STEPSIZE
 40
100.0
  9
$3DDWFPREC
 40
2.0
  9
$PSOLWIDTH
 40
0.005
  9
$PSOLHEIGHT
 40
0.08
  9
$LOFTANG1
 40
1.570796326795
  9
$LOFTANG2
 40
1.570796326795
  9
$LOFTMAG1
 40
0.0
  9
$LOFTMAG2
 40
0.0
  9
$LOFTPARAM
 70
7
  9
$LOFTNORMALS
280
1
  9
$LATITUDE
 40
37.795
  9
$LONGITUDE
 40
-122.394
  9
$NORTHDIRECTION
 40
0.0
  9
$TIMEZONE
 70
-8000
  9
$LIGHTGLYPHDISPLAY
280
1
  9
$TILEMODELIGHTSYNCH
280
1
  9
$CMATERIAL
347
20
  9
$SOLIDHIST
280
0
  9
$SHOWHIST
280
1
  9
$DWFFRAME
280
2
  9
$DGNFRAME
280
2
  9
$REALWORLDSCALE
290
1
  9
$INTERFERECOLOR
 62
256
  9
$CSHADOW
280
0
  9
$SHADOWPLANELOCATION
 40
0.0
  0
ENDSEC
  0
SECTION
  2
CLASSES
  0
CLASS
  1
ACDBDICTIONARYWDFLT
  2
AcDbDictionaryWithDefault
  3
ObjectDBX Classes
 90
0
 91
0
280
0
281
0
  0
CLASS
  1
SUN
  2
AcDbSun
  3
SCENEOE
 90
1153
 91
0
280
0
281
0
  0
CLASS
  1
VISUALSTYLE
  2
AcDbVisualStyle
  3
ObjectDBX Classes
 90
4095
 91
0
280
0
281
0
  0
CLASS
  1
MATERIAL
  2
AcDbMaterial
  3
ObjectDBX Classes
 90
1153
 91
0
280
0
281
0
  0
CLASS
  1
SCALE
  2
AcDbScale
  3
ObjectDBX Classes
 90
1153
 91
0
280
0
281
0
  0
CLASS
  1
TABLESTYLE
  2
AcDbTableStyle
  3
ObjectDBX Classes
 90
4095
 91
0
280
0
281
0
  0
CLASS
  1
MLEADERSTYLE
  2
AcDbMLeaderStyle
  3
ACDB_MLEADERSTYLE_CLASS
 90
4095
 91
0
280
0
281
0
  0
CLASS
  1
DICTIONARYVAR
  2
AcDbDictionaryVar
  3
ObjectDBX Classes
 90
0
 91
0
280
0
281
0
  0
CLASS
  1
CELLSTYLEMAP
  2
AcDbCellStyleMap
  3
ObjectDBX Classes
 90
1152
 91
0
280
0
281
0
  0
CLASS
  1
MENTALRAYRENDERSETTINGS
  2
AcDbMentalRayRenderSettings
  3
SCENEOE
 90
1024
 91
0
280
0
281
0
  0
CLASS
  1
ACDBDETAILVIEWSTYLE
  2
AcDbDetailViewStyle
  3
ObjectDBX Classes
 90
1025
 91
0
280
0
281
0
  0
CLASS
  1
ACDBSECTIONVIEWSTYLE
  2
AcDbSectionViewStyle
  3
ObjectDBX Classes
 90
1025
 91
0
280
0
281
0
  0
CLASS
  1
RASTERVARIABLES
  2
AcDbRasterVariables
  3
ISM
 90
0
 91
0
280
0
281
0
  0
CLASS
  1
ACDBPLACEHOLDER
  2
AcDbPlaceHolder
  3
ObjectDBX Classes
 90
0
 91
0
280
0
281
0
  0
CLASS
  1
LAYOUT
  2
AcDbLayout
  3
ObjectDBX Classes
 90
0
 91
0
280
0
281
0
  0
ENDSEC
  0
SECTION
  2
TABLES
  0
TABLE
  2
VPORT
  5
8
330
0
100
AcDbSymbolTable
 70
1
  0
VPORT
  5
48A
330
8
100
AcDbSymbolTableRecord
100
AcDbViewportTableRecord
  2
*Active
 70
0
 10
0.0
 20
0.0
 11
1.0
 21
1.0
 12
680.0
 22
183.83526011560696
 13
0.0
 23
0.0
 14
0.5
 24
0.5
 15
0.5
 25
0.5
 16
0.0
 26
0.0
 36
1.0
 17
0.0
 27
0.0
 37
0.0
 40
733.570520231214
 41
1.34
 42
50.0
 43
0.0
 44
0.0
 50
0.0
 51
0.0
 71
0
 72
1000
 73
1
 74
3
 75
0
 76
0
 77
0
 78
0
281
0
 65
1
110
0.0
120
0.0
130
0.0
111
1.0
121
0.0
131
0.0
112
0.0
122
1.0
132
0.0
 79
0
146
0.0
  0
ENDTAB
  0
TABLE
  2
LTYPE
  5
2
330
0
100
AcDbSymbolTable
 70
21
  0
LTYPE
  5
24
330
2
100
AcDbSymbolTableRecord
100
AcDbLinetypeTableRecord
  2
ByBlock
 70
0
  3

 72
65
 73
0
 40
0.0
  0
LTYPE
  5
25
330
2
100
AcDbSymbolTableRecord
100
AcDbLinetypeTableRecord
  2
ByLayer
 70
0
  3

 72
65
 73
0
 40
0.0
  0
LTYPE
  5
26
330
2
100
AcDbSymbolTableRecord
100
AcDbLinetypeTableRecord
  2
Continuous
 70
0
  3

 72
65
 73
0
 40
0.0
  0
LTYPE
  5
2F
330
2
100
AcDbSymbolTableRecord
100
AcDbLinetypeTableRecord
  2
CENTER
 70
0
  3
Center ____ _ ____ _ ____ _ ____ _ ____ _ ____
 72
65
 73
4
 40
5.08
 49
3.175
 74
0
 49
-0.635
 74
0
 49
0.635
 74
0
 49
-0.635
 74
0
  0
LTYPE
  5
30
330
2
100
AcDbSymbolTableRecord
100
AcDbLinetypeTableRecord
  2
CENTERX2
 70
0
  3
Center (2x) ________  __  ________  __  ________
 72
65
 73
4
 40
8.89
 49
6.35
 74
0
 49
-0.635
 74
0
 49
1.27
 74
0
 49
-0.635
 74
0
  0
LTYPE
  5
31
330
2
100
AcDbSymbolTableRecord
100
AcDbLinetypeTableRecord
  2
CENTER2
 70
0
  3
Center (.5x) ____ _ ____ _ ____ _ ____ _ ____
 72
65
 73
4
 40
2.54
 49
1.587
 74
0
 49
-0.318
 74
0
 49
0.318
 74
0
 49
-0.318
 74
0
  0
LTYPE
  5
32
330
2
100
AcDbSymbolTableRecord
100
AcDbLinetypeTableRecord
  2
DASHED
 70
0
  3
Dashed __ __ __ __ __ __ __ __ __ __ __ __ __ _
 72
65
 73
2
 40
1.524
 49
1.27
 74
0
 49
-0.254
 74
0
  0
LTYPE
  5
33
330
2
100
AcDbSymbolTableRecord
100
AcDbLinetypeTableRecord
  2
DASHEDX2
 70
0
  3
Dashed (2x) ____  ____  ____  ____  ____  ____
 72
65
 73
2
 40
3.048
 49
2.54
 74
0
 49
-0.508
 74
0
  0
LTYPE
  5
34
330
2
100
AcDbSymbolTableRecord
100
AcDbLinetypeTableRecord
  2
DASHED2
 70
0
  3
Dashed (.5x) _ _ _ _ _ _ _ _ _ _ _ _ _ _
 72
65
 73
2
 40
0.762
 49
0.635
 74
0
 49
-0.127
 74
0
  0
LTYPE
  5
35
330
2
100
AcDbSymbolTableRecord
100
AcDbLinetypeTableRecord
  2
PHANTOM
 70
0
  3
Phantom ______  __  __  ______  __  __  ______
 72
65
 73
6
 40
6.35
 49
3.175
 74
0
 49
-0.635
 74
0
 49
0.635
 74
0
 49
-0.635
 74
0
 49
0.635
 74
0
 49
-0.635
 74
0
  0
LTYPE
  5
36
330
2
100
AcDbSymbolTableRecord
100
AcDbLinetypeTableRecord
  2
PHANTOMX2
 70
0
  3
Phantom (2x)____________    ____    ____    ____________
 72
65
 73
6
 40
10.795
 49
6.35
 74
0
 49
-0.635
 74
0
 49
1.27
 74
0
 49
-0.635
 74
0
 49
1.27
 74
0
 49
-0.635
 74
0
  0
LTYPE
  5
37
330
2
100
AcDbSymbolTableRecord
100
AcDbLinetypeTableRecord
  2
PHANTOM2
 70
0
  3
Phantom (.5x) ___ _ _ ___ _ _ ___ _ _ ___ _ _ ___
 72
65
 73
6
 40
3.175
 49
1.587
 74
0
 49
-0.318
 74
0
 49
0.318
 74
0
 49
-0.318
 74
0
 49
0.318
 74
0
 49
-0.318
 74
0
  0
LTYPE
  5
38
330
2
100
AcDbSymbolTableRecord
100
AcDbLinetypeTableRecord
  2
DASHDOT
 70
0
  3
Dash dot __ . __ . __ . __ . __ . __ . __ . __
 72
65
 73
4
 40
3.556
 49
2.54
 74
0
 49
-0.508
 74
0
 49
0.0
 74
0
 49
-0.508
 74
0
  0
LTYPE
  5
39
330
2
100
AcDbSymbolTableRecord
100
AcDbLinetypeTableRecord
  2
DASHDOTX2
 70
0
  3
Dash dot (2x) ____  .  ____  .  ____  .  ____
 72
65
 73
4
 40
6.096
 49
5.08
 74
0
 49
-0.508
 74
0
 49
0.0
 74
0
 49
-0.508
 74
0
  0
LTYPE
  5
3A
330
2
100
AcDbSymbolTableRecord
100
AcDbLinetypeTableRecord
  2
DASHDOT2
 70
0
  3
Dash dot (.5x) _ . _ . _ . _ . _ . _ . _ . _
 72
65
 73
4
 40
1.778
 49
1.27
 74
0
 49
-0.254
 74
0
 49
0.0
 74
0
 49
-0.254
 74
0
  0
LTYPE
  5
3B
330
2
100
AcDbSymbolTableRecord
100
AcDbLinetypeTableRecord
  2
DOT
 70
0
  3
Dot .  .  .  .  .  .  .  .  .  .  .  .  .  .  .  .
 72
65
 73
2
 40
0.508
 49
0.0
 74
0
 49
-0.508
 74
0
  0
LTYPE
  5
3C
330
2
100
AcDbSymbolTableRecord
100
AcDbLinetypeTableRecord
  2
DOTX2
 70
0
  3
Dot (2x) .    .    .    .    .    .    .    . 
 72
65
 73
2
 40
1.016
 49
0.0
 74
0
 49
-1.016
 74
0
  0
LTYPE
  5
3D
330
2
100
AcDbSymbolTableRecord
100
AcDbLinetypeTableRecord
  2
DOT2
 70
0
  3
Dot (.5) . . . . . . . . . . . . . . . . . . . 
 72
65
 73
2
 40
0.254
 49
0.0
 74
0
 49
-0.254
 74
0
  0
LTYPE
  5
3E
330
2
100
AcDbSymbolTableRecord
100
AcDbLinetypeTableRecord
  2
DIVIDE
 70
0
  3
Divide __ . . __ . . __ . . __ . . __ . . __
 72
65
 73
6
 40
4.064
 49
2.54
 74
0
 49
-0.508
 74
0
 49
0.0
 74
0
 49
-0.508
 74
0
 49
0.0
 74
0
 49
-0.508
 74
0
  0
LTYPE
  5
3F
330
2
100
AcDbSymbolTableRecord
100
AcDbLinetypeTableRecord
  2
DIVIDEX2
 70
0
  3
Divide (2x) ____  . .  ____  . .  ____  . .  ____
 72
65
 73
6
 40
6.604
 49
5.08
 74
0
 49
-0.508
 74
0
 49
0.0
 74
0
 49
-0.508
 74
0
 49
0.0
 74
0
 49
-0.508
 74
0
  0
LTYPE
  5
40
330
2
100
AcDbSymbolTableRecord
100
AcDbLinetypeTableRecord
  2
DIVIDE2
 70
0
  3
Divide(.5x) _ . _ . _ . _ . _ . _ . _ . _
 72
65
 73
6
 40
2.032
 49
1.27
 74
0
 49
-0.254
 74
0
 49
0.0
 74
0
 49
-0.254
 74
0
 49
0.0
 74
0
 49
-0.254
 74
0
  0
ENDTAB
  0
TABLE
  2
LAYER
  5
1
330
0
100
AcDbSymbolTable
 70
12
  0
LAYER
  5
27
330
1
100
AcDbSymbolTableRecord
100
AcDbLayerTableRecord
  2
0
 70
0
 62
7
  6
Continuous
370
-3
390
13
347
21
  0
LAYER
  5
28
330
1
100
AcDbSymbolTableRecord
100
AcDbLayerTableRecord
  2
Defpoints
 70
0
 62
7
  6
Continuous
290
0
370
-3
390
13
347
21
  0
LAYER
  5
8A
330
1
100
AcDbSymbolTableRecord
100
AcDbLayerTableRecord
  2
轮廓
 70
0
 62
7
  6
Continuous
370
60
390
13
347
21
  0
LAYER
  5
8B
330
1
100
AcDbSymbolTableRecord
100
AcDbLayerTableRecord
  2
细实线
 70
0
 62
7
  6
Continuous
370
18
390
13
347
21
  0
LAYER
  5
8C
330
1
100
AcDbSymbolTableRecord
100
AcDbLayerTableRecord
  2
中心线
 70
0
 62
1
  6
CENTER
370
18
390
13
347
21
  0
LAYER
  5
8D
330
1
100
AcDbSymbolTableRecord
100
AcDbLayerTableRecord
  2
虚线
 70
0
 62
8
  6
DASHED
370
18
390
13
347
21
  0
LAYER
  5
8E
330
1
100
AcDbSymbolTableRecord
100
AcDbLayerTableRecord
  2
剖面线
 70
0
 62
8
  6
Continuous
370
13
390
13
347
21
  0
LAYER
  5
8F
330
1
100
AcDbSymbolTableRecord
100
AcDbLayerTableRecord
  2
标注
 70
0
 62
3
  6
Continuous
370
18
390
13
347
21
  0
LAYER
  5
90
330
1
100
AcDbSymbolTableRecord
100
AcDbLayerTableRecord
  2
文字
 70
0
 62
7
  6
Continuous
370
18
390
13
347
21
  0
LAYER
  5
91
330
1
100
AcDbSymbolTableRecord
100
AcDbLayerTableRecord
  2
图框
 70
0
 62
7
  6
Continuous
370
18
390
13
347
21
  0
LAYER
  5
92
330
1
100
AcDbSymbolTableRecord
100
AcDbLayerTableRecord
  2
表格
 70
0
 62
7
  6
Continuous
370
18
390
13
347
21
  0
LAYER
  5
93
330
1
100
AcDbSymbolTableRecord
100
AcDbLayerTableRecord
  2
轴测
 70
0
 62
7
  6
Continuous
370
18
390
13
347
21
  0
ENDTAB
  0
TABLE
  2
STYLE
  5
5
330
0
100
AcDbSymbolTable
 70
27
  0
STYLE
  5
29
330
5
100
AcDbSymbolTableRecord
100
AcDbTextStyleTableRecord
  2
Standard
 70
0
 40
0.0
 41
1.0
 50
0.0
 71
0
 42
2.5
  3
simhei.ttf
  4

  0
STYLE
  5
41
330
5
100
AcDbSymbolTableRecord
100
AcDbTextStyleTableRecord
  2
OpenSans-Light
 70
0
 40
0.0
 41
1.0
 50
0.0
 71
0
 42
2.5
  3
OpenSans-Light.ttf
  4

  0
STYLE
  5
42
330
5
100
AcDbSymbolTableRecord
100
AcDbTextStyleTableRecord
  2
OpenSans-Light-Italic
 70
0
 40
0.0
 41
1.0
 50
0.0
 71
0
 42
2.5
  3
OpenSans-LightItalic.ttf
  4

  0
STYLE
  5
43
330
5
100
AcDbSymbolTableRecord
100
AcDbTextStyleTableRecord
  2
OpenSans
 70
0
 40
0.0
 41
1.0
 50
0.0
 71
0
 42
2.5
  3
OpenSans-Regular.ttf
  4

  0
STYLE
  5
44
330
5
100
AcDbSymbolTableRecord
100
AcDbTextStyleTableRecord
  2
OpenSans-Italic
 70
0
 40
0.0
 41
1.0
 50
0.0
 71
0
 42
2.5
  3
OpenSans-Italic.ttf
  4

  0
STYLE
  5
45
330
5
100
AcDbSymbolTableRecord
100
AcDbTextStyleTableRecord
  2
OpenSans-SemiBold
 70
0
 40
0.0
 41
1.0
 50
0.0
 71
0
 42
2.5
  3
OpenSans-SemiBold.ttf
  4

  0
STYLE
  5
46
330
5
100
AcDbSymbolTableRecord
100
AcDbTextStyleTableRecord
  2
OpenSans-SemiBoldItalic
 70
0
 40
0.0
 41
1.0
 50
0.0
 71
0
 42
2.5
  3
OpenSans-SemiBoldItalic.ttf
  4

  0
STYLE
  5
47
330
5
100
AcDbSymbolTableRecord
100
AcDbTextStyleTableRecord
  2
OpenSans-Bold
 70
0
 40
0.0
 41
1.0
 50
0.0
 71
0
 42
2.5
  3
OpenSans-Bold.ttf
  4

  0
STYLE
  5
48
330
5
100
AcDbSymbolTableRecord
100
AcDbTextStyleTableRecord
  2
OpenSans-BoldItalic
 70
0
 40
0.0
 41
1.0
 50
0.0
 71
0
 42
2.5
  3
OpenSans-BoldItalic.ttf
  4

  0
STYLE
  5
49
330
5
100
AcDbSymbolTableRecord
100
AcDbTextStyleTableRecord
  2
OpenSans-ExtraBold
 70
0
 40
0.0
 41
1.0
 50
0.0
 71
0
 42
2.5
  3
OpenSans-ExtraBold.ttf
  4

  0
STYLE
  5
4A
330
5
100
AcDbSymbolTableRecord
100
AcDbTextStyleTableRecord
  2
OpenSans-ExtraBoldItalic
 70
0
 40
0.0
 41
1.0
 50
0.0
 71
0
 42
2.5
  3
OpenSans-ExtraBoldItalic.ttf
  4

  0
STYLE
  5
4B
330
5
100
AcDbSymbolTableRecord
100
AcDbTextStyleTableRecord
  2
OpenSansCondensed-Bold
 70
0
 40
0.0
 41
1.0
 50
0.0
 71
0
 42
2.5
  3
OpenSansCondensed-Bold.ttf
  4

  0
STYLE
  5
4C
330
5
100
AcDbSymbolTableRecord
100
AcDbTextStyleTableRecord
  2
OpenSansCondensed-Light
 70
0
 40
0.0
 41
1.0
 50
0.0
 71
0
 42
2.5
  3
OpenSansCondensed-Light.ttf
  4

  0
STYLE
  5
4D
330
5
100
AcDbSymbolTableRecord
100
AcDbTextStyleTableRecord
  2
OpenSansCondensed-Italic
 70
0
 40
0.0
 41
1.0
 50
0.0
 71
0
 42
2.5
  3
OpenSansCondensed-LightItalic.ttf
  4

  0
STYLE
  5
4E
330
5
100
AcDbSymbolTableRecord
100
AcDbTextStyleTableRecord
  2
LiberationSans
 70
0
 40
0.0
 41
1.0
 50
0.0
 71
0
 42
2.5
  3
LiberationSans-Regular.ttf
  4

  0
STYLE
  5
4F
330
5
100
AcDbSymbolTableRecord
100
AcDbTextStyleTableRecord
  2
LiberationSans-Bold
 70
0
 40
0.0
 41
1.0
 50
0.0
 71
0
 42
2.5
  3
LiberationSans-Bold.ttf
  4

  0
STYLE
  5
50
330
5
100
AcDbSymbolTableRecord
100
AcDbTextStyleTableRecord
  2
LiberationSans-BoldItalic
 70
0
 40
0.0
 41
1.0
 50
0.0
 71
0
 42
2.5
  3
LiberationSans-BoldItalic.ttf
  4

  0
STYLE
  5
51
330
5
100
AcDbSymbolTableRecord
100
AcDbTextStyleTableRecord
  2
LiberationSans-Italic
 70
0
 40
0.0
 41
1.0
 50
0.0
 71
0
 42
2.5
  3
LiberationSans-Italic.ttf
  4

  0
STYLE
  5
52
330
5
100
AcDbSymbolTableRecord
100
AcDbTextStyleTableRecord
  2
LiberationSerif
 70
0
 40
0.0
 41
1.0
 50
0.0
 71
0
 42
2.5
  3
LiberationSerif-Regular.ttf
  4

  0
STYLE
  5
53
330
5
100
AcDbSymbolTableRecord
100
AcDbTextStyleTableRecord
  2
LiberationSerif-Bold
 70
0
 40
0.0
 41
1.0
 50
0.0
 71
0
 42
2.5
  3
LiberationSerif-Bold.ttf
  4

  0
STYLE
  5
54
330
5
100
AcDbSymbolTableRecord
100
AcDbTextStyleTableRecord
  2
LiberationSerif-BoldItalic
 70
0
 40
0.0
 41
1.0
 50
0.0
 71
0
 42
2.5
  3
LiberationSerif-BoldItalic.ttf
  4

  0
STYLE
  5
55
330
5
100
AcDbSymbolTableRecord
100
AcDbTextStyleTableRecord
  2
LiberationSerif-Italic
 70
0
 40
0.0
 41
1.0
 50
0.0
 71
0
 42
2.5
  3
LiberationSerif-Italic.ttf
  4

  0
STYLE
  5
56
330
5
100
AcDbSymbolTableRecord
100
AcDbTextStyleTableRecord
  2
LiberationMono
 70
0
 40
0.0
 41
1.0
 50
0.0
 71
0
 42
2.5
  3
LiberationMono-Regular.ttf
  4

  0
STYLE
  5
57
330
5
100
AcDbSymbolTableRecord
100
AcDbTextStyleTableRecord
  2
LiberationMono-Bold
 70
0
 40
0.0
 41
1.0
 50
0.0
 71
0
 42
2.5
  3
LiberationMono-Bold.ttf
  4

  0
STYLE
  5
58
330
5
100
AcDbSymbolTableRecord
100
AcDbTextStyleTableRecord
  2
LiberationMono-BoldItalic
 70
0
 40
0.0
 41
1.0
 50
0.0
 71
0
 42
2.5
  3
LiberationMono-BoldItalic.ttf
  4

  0
STYLE
  5
59
330
5
100
AcDbSymbolTableRecord
100
AcDbTextStyleTableRecord
  2
LiberationMono-Italic
 70
0
 40
0.0
 41
1.0
 50
0.0
 71
0
 42
2.5
  3
LiberationMono-Italic.ttf
  4

  0
STYLE
  5
94
330
5
100
AcDbSymbolTableRecord
100
AcDbTextStyleTableRecord
  2
CN
 70
0
 40
0.0
 41
1.0
 50
0.0
 71
0
 42
2.5
  3
simhei.ttf
  4

  0
ENDTAB
  0
TABLE
  2
VIEW
  5
7
330
0
100
AcDbSymbolTable
 70
0
  0
ENDTAB
  0
TABLE
  2
UCS
  5
6
330
0
100
AcDbSymbolTable
 70
0
  0
ENDTAB
  0
TABLE
  2
APPID
  5
3
330
0
100
AcDbSymbolTable
 70
3
  0
APPID
  5
2A
330
3
100
AcDbSymbolTableRecord
100
AcDbRegAppTableRecord
  2
ACAD
 70
0
  0
APPID
  5
48B
330
3
100
AcDbSymbolTableRecord
100
AcDbRegAppTableRecord
  2
HATCHBACKGROUNDCOLOR
 70
0
  0
APPID
  5
48C
330
3
100
AcDbSymbolTableRecord
100
AcDbRegAppTableRecord
  2
EZDXF
 70
0
  0
ENDTAB
  0
TABLE
  2
DIMSTYLE
  5
4
330
0
100
AcDbSymbolTable
 70
12
100
AcDbDimStyleTable
  0
DIMSTYLE
105
2B
330
4
100
AcDbSymbolTableRecord
100
AcDbDimStyleTableRecord
  2
Standard
 70
0
 40
1.0
 41
2.5
 42
0.625
 43
3.75
 44
1.25
 45
0.0
 46
0.0
 47
0.0
 48
0.0
 49
2.5
140
2.5
141
2.5
142
0.0
143
0.03937007874
144
1.0
145
0.0
146
1.0
147
0.625
148
0.0
 69
0
 70
0
 71
0
 72
0
 73
0
 74
0
 75
0
 76
0
 77
1
 78
8
 79
3
170
0
171
3
172
1
173
0
174
0
175
0
176
0
177
0
178
0
179
2
271
2
272
2
273
2
274
3
275
0
276
0
277
2
278
44
279
0
280
0
281
0
282
0
283
0
284
8
285
0
286
0
288
0
289
3
290
0
371
-2
372
-2
  0
DIMSTYLE
105
73
330
4
100
AcDbSymbolTableRecord
100
AcDbDimStyleTableRecord
  2
EZDXF
 70
0
 40
1.0
 41
0.175
 42
0.125
 43
3.75
 44
0.375
 45
0.0
 46
0.0
 47
0.0
 48
0.0
 49
2.5
140
0.25
141
2.5
142
0.0
143
0.03937007874
144
100.0
145
0.0
146
0.5
147
0.1
148
0.0
 69
0
 70
0
 71
0
 72
0
 73
0
 74
0
 75
0
 76
0
 77
1
 78
12
 79
3
170
0
171
3
172
1
173
0
174
0
175
0
176
0
177
0
178
0
179
2
271
2
272
2
273
2
274
3
275
0
276
0
277
2
278
46
279
2
280
0
281
0
282
0
283
0
284
8
285
0
286
0
288
1
289
3
290
0
340
4C
342
74
371
-2
372
-2
  0
DIMSTYLE
105
7C
330
4
100
AcDbSymbolTableRecord
100
AcDbDimStyleTableRecord
  2
EZ_M_100_H25_CM
 70
0
 40
1.0
 41
0.25
 42
0.125
 43
3.75
 44
0.375
 45
0.0
 46
0.0
 47
0.0
 48
0.0
 49
2.5
140
0.25
141
2.5
142
0.125
143
0.03937007874
144
100.0
145
0.0
146
0.5
147
0.1
148
0.0
 69
0
 70
0
 71
0
 72
0
 73
0
 74
0
 75
0
 76
0
 77
1
 78
12
 79
3
170
0
171
3
172
1
173
0
174
0
175
0
176
0
177
0
178
0
179
2
271
2
272
2
273
2
274
3
275
0
276
0
277
2
278
46
279
2
280
0
281
0
282
0
283
0
284
8
285
0
286
0
288
1
289
3
290
0
340
4C
371
-2
372
-2
  0
DIMSTYLE
105
7D
330
4
100
AcDbSymbolTableRecord
100
AcDbDimStyleTableRecord
  2
EZ_M_50_H25_CM
 70
0
 40
1.0
 41
0.125
 42
0.0625
 43
3.75
 44
0.1875
 45
0.0
 46
0.0
 47
0.0
 48
0.0
 49
2.5
140
0.125
141
2.5
142
0.0625
143
0.03937007874
144
100.0
145
0.0
146
0.5
147
0.05
148
0.0
 69
0
 70
0
 71
0
 72
0
 73
0
 74
0
 75
0
 76
0
 77
1
 78
12
 79
3
170
0
171
3
172
1
173
0
174
0
175
0
176
0
177
0
178
0
179
2
271
2
272
2
273
2
274
3
275
0
276
0
277
2
278
46
279
2
280
0
281
0
282
0
283
0
284
8
285
0
286
0
288
1
289
3
290
0
340
4C
371
-2
372
-2
  0
DIMSTYLE
105
7E
330
4
100
AcDbSymbolTableRecord
100
AcDbDimStyleTableRecord
  2
EZ_M_25_H25_CM
 70
0
 40
1.0
 41
0.0625
 42
0.03125
 43
3.75
 44
0.09375
 45
0.0
 46
0.0
 47
0.0
 48
0.0
 49
2.5
140
0.0625
141
2.5
142
0.03125
143
0.03937007874
144
100.0
145
0.0
146
0.5
147
0.025
148
0.0
 69
0
 70
0
 71
0
 72
0
 73
0
 74
0
 75
0
 76
0
 77
1
 78
12
 79
3
170
0
171
3
172
1
173
0
174
0
175
0
176
0
177
0
178
0
179
2
271
2
272
2
273
2
274
3
275
0
276
0
277
2
278
46
279
2
280
0
281
0
282
0
283
0
284
8
285
0
286
0
288
1
289
3
290
0
340
4C
371
-2
372
-2
  0
DIMSTYLE
105
7F
330
4
100
AcDbSymbolTableRecord
100
AcDbDimStyleTableRecord
  2
EZ_M_20_H25_CM
 70
0
 40
1.0
 41
0.05
 42
0.025
 43
3.75
 44
0.07500000000000001
 45
0.0
 46
0.0
 47
0.0
 48
0.0
 49
2.5
140
0.05
141
2.5
142
0.025
143
0.03937007874
144
100.0
145
0.0
146
0.5
147
0.020000000000000004
148
0.0
 69
0
 70
0
 71
0
 72
0
 73
0
 74
0
 75
0
 76
0
 77
1
 78
12
 79
3
170
0
171
3
172
1
173
0
174
0
175
0
176
0
177
0
178
0
179
2
271
2
272
2
273
2
274
3
275
0
276
0
277
2
278
46
279
2
280
0
281
0
282
0
283
0
284
8
285
0
286
0
288
1
289
3
290
0
340
4C
371
-2
372
-2
  0
DIMSTYLE
105
80
330
4
100
AcDbSymbolTableRecord
100
AcDbDimStyleTableRecord
  2
EZ_M_10_H25_CM
 70
0
 40
1.0
 41
0.025
 42
0.0125
 43
3.75
 44
0.037500000000000006
 45
0.0
 46
0.0
 47
0.0
 48
0.0
 49
2.5
140
0.025
141
2.5
142
0.0125
143
0.03937007874
144
100.0
145
0.0
146
0.5
147
0.010000000000000002
148
0.0
 69
0
 70
0
 71
0
 72
0
 73
0
 74
0
 75
0
 76
0
 77
1
 78
12
 79
3
170
0
171
3
172
1
173
0
174
0
175
0
176
0
177
0
178
0
179
2
271
2
272
2
273
2
274
3
275
0
276
0
277
2
278
46
279
2
280
0
281
0
282
0
283
0
284
8
285
0
286
0
288
1
289
3
290
0
340
4C
371
-2
372
-2
  0
DIMSTYLE
105
81
330
4
100
AcDbSymbolTableRecord
100
AcDbDimStyleTableRecord
  2
EZ_M_5_H25_CM
 70
0
 40
1.0
 41
0.0125
 42
0.00625
 43
3.75
 44
0.018750000000000003
 45
0.0
 46
0.0
 47
0.0
 48
0.0
 49
2.5
140
0.0125
141
2.5
142
0.00625
143
0.03937007874
144
100.0
145
0.0
146
0.5
147
0.005000000000000001
148
0.0
 69
0
 70
0
 71
0
 72
0
 73
0
 74
0
 75
0
 76
0
 77
1
 78
12
 79
3
170
0
171
3
172
1
173
0
174
0
175
0
176
0
177
0
178
0
179
2
271
2
272
2
273
2
274
3
275
0
276
0
277
2
278
46
279
2
280
0
281
0
282
0
283
0
284
8
285
0
286
0
288
1
289
3
290
0
340
4C
371
-2
372
-2
  0
DIMSTYLE
105
82
330
4
100
AcDbSymbolTableRecord
100
AcDbDimStyleTableRecord
  2
EZ_M_1_H25_CM
 70
0
 40
1.0
 41
0.0025
 42
0.00125
 43
3.75
 44
0.00375
 45
0.0
 46
0.0
 47
0.0
 48
0.0
 49
2.5
140
0.0025
141
2.5
142
0.00125
143
0.03937007874
144
100.0
145
0.0
146
0.5
147
0.001
148
0.0
 69
0
 70
0
 71
0
 72
0
 73
0
 74
0
 75
0
 76
0
 77
1
 78
12
 79
3
170
0
171
3
172
1
173
0
174
0
175
0
176
0
177
0
178
0
179
2
271
2
272
2
273
2
274
3
275
0
276
0
277
2
278
46
279
2
280
0
281
0
282
0
283
0
284
8
285
0
286
0
288
1
289
3
290
0
340
4C
371
-2
372
-2
  0
DIMSTYLE
105
83
330
4
100
AcDbSymbolTableRecord
100
AcDbDimStyleTableRecord
  2
EZ_RADIUS
 70
0
 40
1.0
 41
0.25
 42
0.125
 43
3.75
 44
0.375
 45
0.0
 46
0.0
 47
0.0
 48
0.0
 49
2.5
140
0.25
141
0.0
142
0.0
143
0.03937007874
144
100.0
145
0.0
146
0.5
147
0.1
148
0.0
 69
0
 70
0
 71
0
 72
0
 73
0
 74
0
 75
0
 76
0
 77
1
 78
12
 79
3
170
0
171
3
172
0
173
0
174
0
175
0
176
0
177
0
178
0
179
2
271
2
272
2
273
2
274
3
275
0
276
0
277
2
278
46
279
1
280
0
281
0
282
0
283
0
284
8
285
0
286
0
288
1
289
3
290
0
340
4C
342
84
371
-2
372
-2
  0
DIMSTYLE
105
88
330
4
100
AcDbSymbolTableRecord
100
AcDbDimStyleTableRecord
  2
EZ_RADIUS_INSIDE
 70
0
 40
1.0
 41
0.25
 42
0.125
 43
3.75
 44
0.375
 45
0.0
 46
0.0
 47
0.0
 48
0.0
 49
2.5
140
0.25
141
0.0
142
0.0
143
0.03937007874
144
100.0
145
0.0
146
0.5
147
0.1
148
0.0
 69
0
 70
0
 71
0
 72
0
 73
0
 74
0
 75
0
 76
0
 77
0
 78
12
 79
3
170
0
171
3
172
0
173
0
174
1
175
0
176
0
177
0
178
0
179
2
271
2
272
2
273
2
274
3
275
0
276
0
277
2
278
46
279
0
280
0
281
0
282
0
283
0
284
8
285
0
286
0
288
1
289
0
290
0
340
4C
342
84
371
-2
372
-2
  0
DIMSTYLE
105
89
330
4
100
AcDbSymbolTableRecord
100
AcDbDimStyleTableRecord
  2
EZ_CURVED
 70
0
 40
1.0
 41
0.25
 42
0.125
 43
3.75
 44
0.375
 45
0.0
 46
0.0
 47
0.0
 48
0.0
 49
2.5
140
0.25
141
2.5
142
0.0
143
0.03937007874
144
100.0
145
0.0
146
0.5
147
0.1
148
0.0
 69
0
 70
0
 71
0
 72
0
 73
0
 74
0
 75
0
 76
0
 77
1
 78
12
 79
2
 90
2
170
0
171
3
172
1
173
0
174
0
175
0
176
0
177
0
178
0
179
2
271
2
272
2
273
2
274
3
275
0
276
0
277
2
278
46
279
2
280
0
281
0
282
0
283
0
284
8
285
0
286
0
288
1
289
3
290
0
340
4C
371
-2
372
-2
  0
ENDTAB
  0
TABLE
  2
BLOCK_RECORD
  5
9
330
0
100
AcDbSymbolTable
 70
5
  0
BLOCK_RECORD
  5
17
330
9
100
AcDbSymbolTableRecord
100
AcDbBlockTableRecord
  2
*Model_Space
340
1A
 70
0
280
1
281
0
  0
BLOCK_RECORD
  5
1B
330
9
100
AcDbSymbolTableRecord
100
AcDbBlockTableRecord
  2
*Paper_Space
340
1E
 70
0
280
1
281
0
  0
BLOCK_RECORD
  5
74
330
9
100
AcDbSymbolTableRecord
100
AcDbBlockTableRecord
  2
_ARCHTICK
340
0
 70
0
280
1
281
0
  0
BLOCK_RECORD
  5
78
330
9
100
AcDbSymbolTableRecord
100
AcDbBlockTableRecord
  2
_CLOSEDFILLED
340
0
 70
0
280
1
281
0
  0
BLOCK_RECORD
  5
84
330
9
100
AcDbSymbolTableRecord
100
AcDbBlockTableRecord
  2
_CLOSEDBLANK
340
0
 70
0
280
1
281
0
  0
ENDTAB
  0
ENDSEC
  0
SECTION
  2
BLOCKS
  0
BLOCK
  5
18
330
17
100
AcDbEntity
  8
0
100
AcDbBlockBegin
  2
*Model_Space
 70
0
 10
0.0
 20
0.0
 30
0.0
  3
*Model_Space
  1

  0
ENDBLK
  5
19
330
17
100
AcDbEntity
  8
0
100
AcDbBlockEnd
  0
BLOCK
  5
1C
330
1B
100
AcDbEntity
  8
0
100
AcDbBlockBegin
  2
*Paper_Space
 70
0
 10
0.0
 20
0.0
 30
0.0
  3
*Paper_Space
  1

  0
ENDBLK
  5
1D
330
1B
100
AcDbEntity
  8
0
100
AcDbBlockEnd
  0
BLOCK
  5
75
330
74
100
AcDbEntity
  8
0
100
AcDbBlockBegin
  2
_ARCHTICK
 70
0
 10
0.0
 20
0.0
 30
0.0
  3
_ARCHTICK
  1

  0
LWPOLYLINE
  5
77
330
74
100
AcDbEntity
  8
0
  6
BYBLOCK
 62
0
100
AcDbPolyline
 90
2
 70
0
 43
0.15
 10
-0.5
 20
-0.5
 10
0.5
 20
0.5
  0
ENDBLK
  5
76
330
74
100
AcDbEntity
  8
0
100
AcDbBlockEnd
  0
BLOCK
  5
79
330
78
100
AcDbEntity
  8
0
100
AcDbBlockBegin
  2
_CLOSEDFILLED
 70
0
 10
0.0
 20
0.0
 30
0.0
  3
_CLOSEDFILLED
  1

  0
SOLID
  5
7B
330
78
100
AcDbEntity
  8
0
  6
BYBLOCK
 62
0
100
AcDbTrace
 10
-1.0
 20
0.16439898372402537
 30
0.0
 11
0.0
 21
0.0
 31
0.0
 12
-1.0
 22
-0.16439898372402537
 32
0.0
 13
-1.0
 23
-0.16439898372402537
 33
0.0
  0
ENDBLK
  5
7A
330
78
100
AcDbEntity
  8
0
100
AcDbBlockEnd
  0
BLOCK
  5
85
330
84
100
AcDbEntity
  8
0
100
AcDbBlockBegin
  2
_CLOSEDBLANK
 70
0
 10
0.0
 20
0.0
 30
0.0
  3
_CLOSEDBLANK
  1

  0
LWPOLYLINE
  5
87
330
84
100
AcDbEntity
  8
0
  6
BYBLOCK
 62
0
100
AcDbPolyline
 90
3
 70
1
 10
-1.0
 20
0.16439898372402537
 10
0.0
 20
0.0
 10
-1.0
 20
-0.16439898372402537
  0
ENDBLK
  5
86
330
84
100
AcDbEntity
  8
0
100
AcDbBlockEnd
  0
ENDSEC
  0
SECTION
  2
ENTITIES
  0
LINE
  5
95
330
17
100
AcDbEntity
  8
图框
  6
Continuous
370
60
100
AcDbLine
 10
0.0
 20
0.0
 30
0.0
 11
420.0
 21
0.0
 31
0.0
  0
LINE
  5
96
330
17
100
AcDbEntity
  8
图框
  6
Continuous
370
60
100
AcDbLine
 10
420.0
 20
0.0
 30
0.0
 11
420.0
 21
297.0
 31
0.0
  0
LINE
  5
97
330
17
100
AcDbEntity
  8
图框
  6
Continuous
370
60
100
AcDbLine
 10
420.0
 20
297.0
 30
0.0
 11
0.0
 21
297.0
 31
0.0
  0
LINE
  5
98
330
17
100
AcDbEntity
  8
图框
  6
Continuous
370
60
100
AcDbLine
 10
0.0
 20
297.0
 30
0.0
 11
0.0
 21
0.0
 31
0.0
  0
LINE
  5
99
330
17
100
AcDbEntity
  8
图框
  6
Continuous
370
18
100
AcDbLine
 10
8.0
 20
8.0
 30
0.0
 11
412.0
 21
8.0
 31
0.0
  0
LINE
  5
9A
330
17
100
AcDbEntity
  8
图框
  6
Continuous
370
18
100
AcDbLine
 10
412.0
 20
8.0
 30
0.0
 11
412.0
 21
289.0
 31
0.0
  0
LINE
  5
9B
330
17
100
AcDbEntity
  8
图框
  6
Continuous
370
18
100
AcDbLine
 10
412.0
 20
289.0
 30
0.0
 11
8.0
 21
289.0
 31
0.0
  0
LINE
  5
9C
330
17
100
AcDbEntity
  8
图框
  6
Continuous
370
18
100
AcDbLine
 10
8.0
 20
289.0
 30
0.0
 11
8.0
 21
8.0
 31
0.0
  0
LINE
  5
9D
330
17
100
AcDbEntity
  8
图框
  6
Continuous
370
60
100
AcDbLine
 10
212.0
 20
8.0
 30
0.0
 11
412.0
 21
8.0
 31
0.0
  0
LINE
  5
9E
330
17
100
AcDbEntity
  8
图框
  6
Continuous
370
60
100
AcDbLine
 10
412.0
 20
8.0
 30
0.0
 11
412.0
 21
60.0
 31
0.0
  0
LINE
  5
9F
330
17
100
AcDbEntity
  8
图框
  6
Continuous
370
60
100
AcDbLine
 10
412.0
 20
60.0
 30
0.0
 11
212.0
 21
60.0
 31
0.0
  0
LINE
  5
A0
330
17
100
AcDbEntity
  8
图框
  6
Continuous
370
60
100
AcDbLine
 10
212.0
 20
60.0
 30
0.0
 11
212.0
 21
8.0
 31
0.0
  0
LINE
  5
A1
330
17
100
AcDbEntity
  8
图框
  6
Continuous
370
18
100
AcDbLine
 10
212.0
 20
21.0
 30
0.0
 11
412.0
 21
21.0
 31
0.0
  0
LINE
  5
A2
330
17
100
AcDbEntity
  8
图框
  6
Continuous
370
18
100
AcDbLine
 10
212.0
 20
34.0
 30
0.0
 11
412.0
 21
34.0
 31
0.0
  0
LINE
  5
A3
330
17
100
AcDbEntity
  8
图框
  6
Continuous
370
18
100
AcDbLine
 10
212.0
 20
47.0
 30
0.0
 11
412.0
 21
47.0
 31
0.0
  0
LINE
  5
A4
330
17
100
AcDbEntity
  8
图框
  6
Continuous
370
18
100
AcDbLine
 10
267.0
 20
8.0
 30
0.0
 11
267.0
 21
60.0
 31
0.0
  0
LINE
  5
A5
330
17
100
AcDbEntity
  8
图框
  6
Continuous
370
18
100
AcDbLine
 10
342.0
 20
8.0
 30
0.0
 11
342.0
 21
60.0
 31
0.0
  0
LINE
  5
A6
330
17
100
AcDbEntity
  8
图框
  6
Continuous
370
18
100
AcDbLine
 10
377.0
 20
8.0
 30
0.0
 11
377.0
 21
60.0
 31
0.0
  0
TEXT
  5
A7
330
17
100
AcDbEntity
  8
文字
100
AcDbText
 10
239.0
 20
53.5
 30
0.0
 40
2.4
  1
FE-1002 Shop Drawi
  7
CN
 72
1
 11
239.0
 21
53.5
 31
0.0
100
AcDbText
 73
2
  0
TEXT
  5
A8
330
17
100
AcDbEntity
  8
文字
100
AcDbText
 10
304.0
 20
53.5
 30
0.0
 40
3.0
  1
Orifice Assembly GA
  7
CN
 72
1
 11
304.0
 21
53.5
 31
0.0
100
AcDbText
 73
2
  0
TEXT
  5
A9
330
17
100
AcDbEntity
  8
文字
100
AcDbText
 10
359.0
 20
53.5
 30
0.0
 40
2.2
  1
F304/F304L
  7
CN
 72
1
 11
359.0
 21
53.5
 31
0.0
100
AcDbText
 73
2
  0
TEXT
  5
AA
330
17
100
AcDbEntity
  8
文字
100
AcDbText
 10
394.0
 20
53.5
 30
0.0
 40
2.2
  1
1:3
  7
CN
 72
1
 11
394.0
 21
53.5
 31
0.0
100
AcDbText
 73
2
  0
TEXT
  5
AB
330
17
100
AcDbEntity
  8
文字
100
AcDbText
 10
239.0
 20
40.5
 30
0.0
 40
2.3
  1
Tag FE-1002
  7
CN
 72
1
 11
239.0
 21
40.5
 31
0.0
100
AcDbText
 73
2
  0
TEXT
  5
AC
330
17
100
AcDbEntity
  8
文字
100
AcDbText
 10
304.0
 20
40.5
 30
0.0
 40
2.3
  1
Dwg FE-1002-GA-01
  7
CN
 72
1
 11
304.0
 21
40.5
 31
0.0
100
AcDbText
 73
2
  0
TEXT
  5
AD
330
17
100
AcDbEntity
  8
文字
100
AcDbText
 10
359.0
 20
40.5
 30
0.0
 40
2.2
  1
Sheet 1/3
  7
CN
 72
1
 11
359.0
 21
40.5
 31
0.0
100
AcDbText
 73
2
  0
TEXT
  5
AE
330
17
100
AcDbEntity
  8
文字
100
AcDbText
 10
394.0
 20
40.5
 30
0.0
 40
2.2
  1
A3
  7
CN
 72
1
 11
394.0
 21
40.5
 31
0.0
100
AcDbText
 73
2
  0
TEXT
  5
AF
330
17
100
AcDbEntity
  8
文字
100
AcDbText
 10
239.0
 20
27.5
 30
0.0
 40
2.2
  1
S/N 26031402
  7
CN
 72
1
 11
239.0
 21
27.5
 31
0.0
100
AcDbText
 73
2
  0
TEXT
  5
B0
330
17
100
AcDbEntity
  8
文字
100
AcDbText
 10
304.0
 20
27.5
 30
0.0
 40
2.1
  1
ROH10×JX25N2
  7
CN
 72
1
 11
304.0
 21
27.5
 31
0.0
100
AcDbText
 73
2
  0
TEXT
  5
B1
330
17
100
AcDbEntity
  8
文字
100
AcDbText
 10
359.0
 20
27.5
 30
0.0
 40
2.2
  1
Unit: mm
  7
CN
 72
1
 11
359.0
 21
27.5
 31
0.0
100
AcDbText
 73
2
  0
TEXT
  5
B2
330
17
100
AcDbEntity
  8
文字
100
AcDbText
 10
394.0
 20
27.5
 30
0.0
 40
2.0
  1
R2013
  7
CN
 72
1
 11
394.0
 21
27.5
 31
0.0
100
AcDbText
 73
2
  0
TEXT
  5
B3
330
17
100
AcDbEntity
  8
文字
100
AcDbText
 10
226.0
 20
14.5
 30
0.0
 40
2.0
  1
Drawn
  7
CN
 72
1
 11
226.0
 21
14.5
 31
0.0
100
AcDbText
 73
2
  0
TEXT
  5
B4
330
17
100
AcDbEntity
  8
文字
100
AcDbText
 10
252.0
 20
14.5
 30
0.0
 40
2.0
  1
Checked
  7
CN
 72
1
 11
252.0
 21
14.5
 31
0.0
100
AcDbText
 73
2
  0
TEXT
  5
B5
330
17
100
AcDbEntity
  8
文字
100
AcDbText
 10
332.0
 20
14.5
 30
0.0
 40
2.1
  1
DN250 PN25 HG/T20592 RF  Flange taps
  7
CN
 72
1
 11
332.0
 21
14.5
 31
0.0
100
AcDbText
 73
2
  0
TEXT
  5
B6
330
17
100
AcDbEntity
  8
文字
100
AcDbText
 10
11.0
 20
282.0
 30
0.0
 40
4.2
  1
FE-1002  Orifice Assembly GA
  7
CN
 11
11.0
 21
282.0
 31
0.0
100
AcDbText
  0
LINE
  5
B7
330
17
100
AcDbEntity
  8
中心线
  6
CENTER
370
18
100
AcDbLine
 10
15.0
 20
175.0
 30
0.0
 11
197.0
 21
175.0
 31
0.0
  0
LINE
  5
B8
330
17
100
AcDbEntity
  8
轮廓
  6
Continuous
370
60
100
AcDbLine
 10
25.0
 20
220.5
 30
0.0
 11
75.0
 21
220.5
 31
0.0
  0
LINE
  5
B9
330
17
100
AcDbEntity
  8
轮廓
  6
Continuous
370
60
100
AcDbLine
 10
25.0
 20
129.5
 30
0.0
 11
75.0
 21
129.5
 31
0.0
  0
LINE
  5
BA
330
17
100
AcDbEntity
  8
虚线
  6
DASHED
370
18
100
AcDbLine
 10
25.0
 20
219.16666666666666
 30
0.0
 11
75.0
 21
219.16666666666666
 31
0.0
  0
LINE
  5
BB
330
17
100
AcDbEntity
  8
虚线
  6
DASHED
370
18
100
AcDbLine
 10
25.0
 20
130.83333333333334
 30
0.0
 11
75.0
 21
130.83333333333334
 31
0.0
  0
LINE
  5
BC
330
17
100
AcDbEntity
  8
剖面线
  6
Continuous
370
13
100
AcDbLine
 10
62.272077938642155
 20
129.5
 30
0.0
 11
62.76338375464252
 21
129.99130581600036
 31
0.0
  0
LINE
  5
BD
330
17
100
AcDbEntity
  8
剖面线
  6
Continuous
370
13
100
AcDbLine
 10
58.029437251522836
 20
129.5
 30
0.0
 11
59.36277058485618
 21
130.83333333333334
 31
0.0
  0
LINE
  5
BE
330
17
100
AcDbEntity
  8
剖面线
  6
Continuous
370
13
100
AcDbLine
 10
53.78679656440357
 20
129.5
 30
0.0
 11
55.120129897736916
 21
130.83333333333334
 31
0.0
  0
LINE
  5
BF
330
17
100
AcDbEntity
  8
剖面线
  6
Continuous
370
13
100
AcDbLine
 10
49.54415587728431
 20
129.5
 30
0.0
 11
50.877489210617625
 21
130.83333333333331
 31
0.0
  0
LINE
  5
C0
330
17
100
AcDbEntity
  8
剖面线
  6
Continuous
370
13
100
AcDbLine
 10
45.30151519016499
 20
129.5
 30
0.0
 11
46.634848523498334
 21
130.83333333333334
 31
0.0
  0
LINE
  5
C1
330
17
100
AcDbEntity
  8
剖面线
  6
Continuous
370
13
100
AcDbLine
 10
41.05887450304573
 20
129.5
 30
0.0
 11
42.39220783637907
 21
130.83333333333334
 31
0.0
  0
LINE
  5
C2
330
17
100
AcDbEntity
  8
剖面线
  6
Continuous
370
13
100
AcDbLine
 10
36.81623381592641
 20
129.5
 30
0.0
 11
38.14956714925975
 21
130.83333333333334
 31
0.0
  0
LINE
  5
C3
330
17
100
AcDbEntity
  8
剖面线
  6
Continuous
370
13
100
AcDbLine
 10
32.57359312880715
 20
129.5
 30
0.0
 11
33.90692646214049
 21
130.83333333333334
 31
0.0
  0
LINE
  5
C4
330
17
100
AcDbEntity
  8
剖面线
  6
Continuous
370
13
100
AcDbLine
 10
28.330952441687828
 20
129.5
 30
0.0
 11
29.6642857750212
 21
130.83333333333337
 31
0.0
  0
LINE
  5
C5
330
17
100
AcDbEntity
  8
剖面线
  6
Continuous
370
13
100
AcDbLine
 10
25.0
 20
130.41168824543144
 30
0.0
 11
25.421645087901908
 21
130.83333333333334
 31
0.0
  0
LINE
  5
C6
330
17
100
AcDbEntity
  8
轮廓
  6
Continuous
370
60
100
AcDbLine
 10
137.0
 20
220.5
 30
0.0
 11
187.0
 21
220.5
 31
0.0
  0
LINE
  5
C7
330
17
100
AcDbEntity
  8
轮廓
  6
Continuous
370
60
100
AcDbLine
 10
137.0
 20
129.5
 30
0.0
 11
187.0
 21
129.5
 31
0.0
  0
LINE
  5
C8
330
17
100
AcDbEntity
  8
虚线
  6
DASHED
370
18
100
AcDbLine
 10
137.0
 20
219.16666666666666
 30
0.0
 11
187.0
 21
219.16666666666666
 31
0.0
  0
LINE
  5
C9
330
17
100
AcDbEntity
  8
虚线
  6
DASHED
370
18
100
AcDbLine
 10
137.0
 20
130.83333333333334
 30
0.0
 11
187.0
 21
130.83333333333334
 31
0.0
  0
LINE
  5
CA
330
17
100
AcDbEntity
  8
轮廓
  6
Continuous
370
60
100
AcDbLine
 10
104.33333333333333
 20
230.83333333333331
 30
0.0
 11
104.33333333333333
 21
245.83333333333331
 31
0.0
  0
LINE
  5
CB
330
17
100
AcDbEntity
  8
轮廓
  6
Continuous
370
60
100
AcDbLine
 10
104.33333333333333
 20
245.83333333333331
 30
0.0
 11
93.66666666666666
 21
245.83333333333331
 31
0.0
  0
LINE
  5
CC
330
17
100
AcDbEntity
  8
轮廓
  6
Continuous
370
60
100
AcDbLine
 10
93.66666666666666
 20
245.83333333333331
 30
0.0
 11
93.66666666666666
 21
224.66666666666666
 31
0.0
  0
LINE
  5
CD
330
17
100
AcDbEntity
  8
轮廓
  6
Continuous
370
60
100
AcDbLine
 10
93.66666666666666
 20
224.66666666666666
 30
0.0
 11
81.66666666666666
 21
224.66666666666666
 31
0.0
  0
LINE
  5
CE
330
17
100
AcDbEntity
  8
轮廓
  6
Continuous
370
60
100
AcDbLine
 10
81.66666666666666
 20
224.66666666666666
 30
0.0
 11
75.0
 21
220.5
 31
0.0
  0
LINE
  5
CF
330
17
100
AcDbEntity
  8
轮廓
  6
Continuous
370
60
100
AcDbLine
 10
104.33333333333333
 20
119.16666666666667
 30
0.0
 11
104.33333333333333
 21
104.16666666666667
 31
0.0
  0
LINE
  5
D0
330
17
100
AcDbEntity
  8
轮廓
  6
Continuous
370
60
100
AcDbLine
 10
104.33333333333333
 20
104.16666666666667
 30
0.0
 11
93.66666666666666
 21
104.16666666666667
 31
0.0
  0
LINE
  5
D1
330
17
100
AcDbEntity
  8
轮廓
  6
Continuous
370
60
100
AcDbLine
 10
93.66666666666666
 20
104.16666666666667
 30
0.0
 11
93.66666666666666
 21
125.33333333333334
 31
0.0
  0
LINE
  5
D2
330
17
100
AcDbEntity
  8
轮廓
  6
Continuous
370
60
100
AcDbLine
 10
93.66666666666666
 20
125.33333333333334
 30
0.0
 11
81.66666666666666
 21
125.33333333333334
 31
0.0
  0
LINE
  5
D3
330
17
100
AcDbEntity
  8
轮廓
  6
Continuous
370
60
100
AcDbLine
 10
81.66666666666666
 20
125.33333333333334
 30
0.0
 11
75.0
 21
129.5
 31
0.0
  0
LINE
  5
D4
330
17
100
AcDbEntity
  8
轮廓
  6
Continuous
370
60
100
AcDbLine
 10
104.33333333333333
 20
230.83333333333331
 30
0.0
 11
104.33333333333333
 21
119.16666666666667
 31
0.0
  0
LINE
  5
D5
330
17
100
AcDbEntity
  8
细实线
  6
Continuous
370
18
100
AcDbLine
 10
75.0
 20
220.5
 30
0.0
 11
75.0
 21
129.5
 31
0.0
  0
LINE
  5
D6
330
17
100
AcDbEntity
  8
细实线
  6
Continuous
370
18
100
AcDbLine
 10
103.66666666666666
 20
230.83333333333331
 30
0.0
 11
104.33333333333333
 21
230.83333333333331
 31
0.0
  0
LINE
  5
D7
330
17
100
AcDbEntity
  8
细实线
  6
Continuous
370
18
100
AcDbLine
 10
103.66666666666666
 20
119.16666666666667
 30
0.0
 11
104.33333333333333
 21
119.16666666666667
 31
0.0
  0
LINE
  5
D8
330
17
100
AcDbEntity
  8
细实线
  6
Continuous
370
18
100
AcDbLine
 10
103.66666666666666
 20
230.83333333333331
 30
0.0
 11
103.66666666666666
 21
219.16666666666666
 31
0.0
  0
LINE
  5
D9
330
17
100
AcDbEntity
  8
细实线
  6
Continuous
370
18
100
AcDbLine
 10
103.66666666666666
 20
119.16666666666667
 30
0.0
 11
103.66666666666666
 21
130.83333333333334
 31
0.0
  0
LINE
  5
DA
330
17
100
AcDbEntity
  8
细实线
  6
Continuous
370
18
100
AcDbLine
 10
75.0
 20
219.16666666666666
 30
0.0
 11
104.33333333333333
 21
219.16666666666666
 31
0.0
  0
LINE
  5
DB
330
17
100
AcDbEntity
  8
细实线
  6
Continuous
370
18
100
AcDbLine
 10
75.0
 20
130.83333333333334
 30
0.0
 11
104.33333333333333
 21
130.83333333333334
 31
0.0
  0
CIRCLE
  5
DC
330
17
100
AcDbEntity
  8
细实线
  6
Continuous
370
18
100
AcDbCircle
 10
99.0
 20
230.5
 30
0.0
 40
3.2
  0
CIRCLE
  5
DD
330
17
100
AcDbEntity
  8
虚线
  6
DASHED
370
18
100
AcDbCircle
 10
99.0
 20
119.5
 30
0.0
 40
3.2
  0
LINE
  5
DE
330
17
100
AcDbEntity
  8
轮廓
  6
Continuous
370
60
100
AcDbLine
 10
107.66666666666666
 20
230.83333333333331
 30
0.0
 11
107.66666666666666
 21
245.83333333333331
 31
0.0
  0
LINE
  5
DF
330
17
100
AcDbEntity
  8
轮廓
  6
Continuous
370
60
100
AcDbLine
 10
107.66666666666666
 20
245.83333333333331
 30
0.0
 11
118.33333333333333
 21
245.83333333333331
 31
0.0
  0
LINE
  5
E0
330
17
100
AcDbEntity
  8
轮廓
  6
Continuous
370
60
100
AcDbLine
 10
118.33333333333333
 20
245.83333333333331
 30
0.0
 11
118.33333333333333
 21
224.66666666666666
 31
0.0
  0
LINE
  5
E1
330
17
100
AcDbEntity
  8
轮廓
  6
Continuous
370
60
100
AcDbLine
 10
118.33333333333333
 20
224.66666666666666
 30
0.0
 11
130.33333333333331
 21
224.66666666666666
 31
0.0
  0
LINE
  5
E2
330
17
100
AcDbEntity
  8
轮廓
  6
Continuous
370
60
100
AcDbLine
 10
130.33333333333331
 20
224.66666666666666
 30
0.0
 11
137.0
 21
220.5
 31
0.0
  0
LINE
  5
E3
330
17
100
AcDbEntity
  8
轮廓
  6
Continuous
370
60
100
AcDbLine
 10
107.66666666666666
 20
119.16666666666667
 30
0.0
 11
107.66666666666666
 21
104.16666666666667
 31
0.0
  0
LINE
  5
E4
330
17
100
AcDbEntity
  8
轮廓
  6
Continuous
370
60
100
AcDbLine
 10
107.66666666666666
 20
104.16666666666667
 30
0.0
 11
118.33333333333333
 21
104.16666666666667
 31
0.0
  0
LINE
  5
E5
330
17
100
AcDbEntity
  8
轮廓
  6
Continuous
370
60
100
AcDbLine
 10
118.33333333333333
 20
104.16666666666667
 30
0.0
 11
118.33333333333333
 21
125.33333333333334
 31
0.0
  0
LINE
  5
E6
330
17
100
AcDbEntity
  8
轮廓
  6
Continuous
370
60
100
AcDbLine
 10
118.33333333333333
 20
125.33333333333334
 30
0.0
 11
130.33333333333331
 21
125.33333333333334
 31
0.0
  0
LINE
  5
E7
330
17
100
AcDbEntity
  8
轮廓
  6
Continuous
370
60
100
AcDbLine
 10
130.33333333333331
 20
125.33333333333334
 30
0.0
 11
137.0
 21
129.5
 31
0.0
  0
LINE
  5
E8
330
17
100
AcDbEntity
  8
轮廓
  6
Continuous
370
60
100
AcDbLine
 10
107.66666666666666
 20
230.83333333333331
 30
0.0
 11
107.66666666666666
 21
119.16666666666667
 31
0.0
  0
LINE
  5
E9
330
17
100
AcDbEntity
  8
细实线
  6
Continuous
370
18
100
AcDbLine
 10
137.0
 20
220.5
 30
0.0
 11
137.0
 21
129.5
 31
0.0
  0
LINE
  5
EA
330
17
100
AcDbEntity
  8
细实线
  6
Continuous
370
18
100
AcDbLine
 10
108.33333333333333
 20
230.83333333333331
 30
0.0
 11
107.66666666666666
 21
230.83333333333331
 31
0.0
  0
LINE
  5
EB
330
17
100
AcDbEntity
  8
细实线
  6
Continuous
370
18
100
AcDbLine
 10
108.33333333333333
 20
119.16666666666667
 30
0.0
 11
107.66666666666666
 21
119.16666666666667
 31
0.0
  0
LINE
  5
EC
330
17
100
AcDbEntity
  8
细实线
  6
Continuous
370
18
100
AcDbLine
 10
108.33333333333333
 20
230.83333333333331
 30
0.0
 11
108.33333333333333
 21
219.16666666666666
 31
0.0
  0
LINE
  5
ED
330
17
100
AcDbEntity
  8
细实线
  6
Continuous
370
18
100
AcDbLine
 10
108.33333333333333
 20
119.16666666666667
 30
0.0
 11
108.33333333333333
 21
130.83333333333334
 31
0.0
  0
LINE
  5
EE
330
17
100
AcDbEntity
  8
细实线
  6
Continuous
370
18
100
AcDbLine
 10
137.0
 20
219.16666666666666
 30
0.0
 11
107.66666666666666
 21
219.16666666666666
 31
0.0
  0
LINE
  5
EF
330
17
100
AcDbEntity
  8
细实线
  6
Continuous
370
18
100
AcDbLine
 10
137.0
 20
130.83333333333334
 30
0.0
 11
107.66666666666666
 21
130.83333333333334
 31
0.0
  0
CIRCLE
  5
F0
330
17
100
AcDbEntity
  8
细实线
  6
Continuous
370
18
100
AcDbCircle
 10
113.0
 20
230.5
 30
0.0
 40
3.2
  0
CIRCLE
  5
F1
330
17
100
AcDbEntity
  8
虚线
  6
DASHED
370
18
100
AcDbCircle
 10
113.0
 20
119.5
 30
0.0
 40
3.2
  0
LINE
  5
F2
330
17
100
AcDbEntity
  8
细实线
  6
Continuous
370
18
100
AcDbLine
 10
104.33333333333333
 20
119.16666666666667
 30
0.0
 11
105.0
 21
119.16666666666667
 31
0.0
  0
LINE
  5
F3
330
17
100
AcDbEntity
  8
细实线
  6
Continuous
370
18
100
AcDbLine
 10
105.0
 20
119.16666666666667
 30
0.0
 11
105.0
 21
230.83333333333331
 31
0.0
  0
LINE
  5
F4
330
17
100
AcDbEntity
  8
细实线
  6
Continuous
370
18
100
AcDbLine
 10
105.0
 20
230.83333333333331
 30
0.0
 11
104.33333333333333
 21
230.83333333333331
 31
0.0
  0
LINE
  5
F5
330
17
100
AcDbEntity
  8
细实线
  6
Continuous
370
18
100
AcDbLine
 10
104.33333333333333
 20
230.83333333333331
 30
0.0
 11
104.33333333333333
 21
119.16666666666667
 31
0.0
  0
LINE
  5
F6
330
17
100
AcDbEntity
  8
细实线
  6
Continuous
370
18
100
AcDbLine
 10
107.0
 20
119.16666666666667
 30
0.0
 11
107.66666666666666
 21
119.16666666666667
 31
0.0
  0
LINE
  5
F7
330
17
100
AcDbEntity
  8
细实线
  6
Continuous
370
18
100
AcDbLine
 10
107.66666666666666
 20
119.16666666666667
 30
0.0
 11
107.66666666666666
 21
230.83333333333331
 31
0.0
  0
LINE
  5
F8
330
17
100
AcDbEntity
  8
细实线
  6
Continuous
370
18
100
AcDbLine
 10
107.66666666666666
 20
230.83333333333331
 30
0.0
 11
107.0
 21
230.83333333333331
 31
0.0
  0
LINE
  5
F9
330
17
100
AcDbEntity
  8
细实线
  6
Continuous
370
18
100
AcDbLine
 10
107.0
 20
230.83333333333331
 30
0.0
 11
107.0
 21
119.16666666666667
 31
0.0
  0
LINE
  5
FA
330
17
100
AcDbEntity
  8
轮廓
  6
Continuous
370
60
100
AcDbLine
 10
105.0
 20
121.66666666666667
 30
0.0
 11
107.0
 21
121.66666666666667
 31
0.0
  0
LINE
  5
FB
330
17
100
AcDbEntity
  8
轮廓
  6
Continuous
370
60
100
AcDbLine
 10
107.0
 20
121.66666666666667
 30
0.0
 11
107.0
 21
228.33333333333331
 31
0.0
  0
LINE
  5
FC
330
17
100
AcDbEntity
  8
轮廓
  6
Continuous
370
60
100
AcDbLine
 10
107.0
 20
228.33333333333331
 30
0.0
 11
105.0
 21
228.33333333333331
 31
0.0
  0
LINE
  5
FD
330
17
100
AcDbEntity
  8
轮廓
  6
Continuous
370
60
100
AcDbLine
 10
105.0
 20
228.33333333333331
 30
0.0
 11
105.0
 21
121.66666666666667
 31
0.0
  0
LINE
  5
FE
330
17
100
AcDbEntity
  8
轮廓
  6
Continuous
370
60
100
AcDbLine
 10
105.0
 20
197.69666666666666
 30
0.0
 11
105.83333333333333
 21
197.69666666666666
 31
0.0
  0
LINE
  5
FF
330
17
100
AcDbEntity
  8
轮廓
  6
Continuous
370
60
100
AcDbLine
 10
105.0
 20
152.30333333333334
 30
0.0
 11
105.83333333333333
 21
152.30333333333334
 31
0.0
  0
LINE
  5
100
330
17
100
AcDbEntity
  8
轮廓
  6
Continuous
370
60
100
AcDbLine
 10
105.83333333333333
 20
197.69666666666666
 30
0.0
 11
107.0
 21
198.86333333333334
 31
0.0
  0
LINE
  5
101
330
17
100
AcDbEntity
  8
轮廓
  6
Continuous
370
60
100
AcDbLine
 10
105.83333333333333
 20
152.30333333333334
 30
0.0
 11
107.0
 21
151.13666666666666
 31
0.0
  0
LINE
  5
102
330
17
100
AcDbEntity
  8
轮廓
  6
Continuous
370
60
100
AcDbLine
 10
107.0
 20
198.86333333333334
 30
0.0
 11
107.0
 21
151.13666666666666
 31
0.0
  0
LINE
  5
103
330
17
100
AcDbEntity
  8
轮廓
  6
Continuous
370
60
100
AcDbLine
 10
105.0
 20
197.69666666666666
 30
0.0
 11
105.0
 21
152.30333333333334
 31
0.0
  0
LINE
  5
104
330
17
100
AcDbEntity
  8
轮廓
  6
Continuous
370
60
100
AcDbLine
 10
106.0
 20
228.33333333333331
 30
0.0
 11
106.0
 21
235.66666666666666
 31
0.0
  0
LINE
  5
105
330
17
100
AcDbEntity
  8
轮廓
  6
Continuous
370
60
100
AcDbLine
 10
100.0
 20
235.66666666666666
 30
0.0
 11
112.0
 21
235.66666666666666
 31
0.0
  0
LINE
  5
106
330
17
100
AcDbEntity
  8
轮廓
  6
Continuous
370
60
100
AcDbLine
 10
112.0
 20
235.66666666666666
 30
0.0
 11
112.0
 21
245.66666666666666
 31
0.0
  0
LINE
  5
107
330
17
100
AcDbEntity
  8
轮廓
  6
Continuous
370
60
100
AcDbLine
 10
112.0
 20
245.66666666666666
 30
0.0
 11
100.0
 21
245.66666666666666
 31
0.0
  0
LINE
  5
108
330
17
100
AcDbEntity
  8
轮廓
  6
Continuous
370
60
100
AcDbLine
 10
100.0
 20
245.66666666666666
 30
0.0
 11
100.0
 21
235.66666666666666
 31
0.0
  0
LINE
  5
109
330
17
100
AcDbEntity
  8
轮廓
  6
Continuous
370
60
100
AcDbLine
 10
92.98333333333332
 20
245.83333333333331
 30
0.0
 11
92.98333333333332
 21
279.16666666666663
 31
0.0
  0
LINE
  5
10A
330
17
100
AcDbEntity
  8
轮廓
  6
Continuous
370
60
100
AcDbLine
 10
100.08333333333333
 20
245.83333333333331
 30
0.0
 11
100.08333333333333
 21
279.16666666666663
 31
0.0
  0
LINE
  5
10B
330
17
100
AcDbEntity
  8
轮廓
  6
Continuous
370
60
100
AcDbLine
 10
92.98333333333332
 20
279.16666666666663
 30
0.0
 11
100.08333333333333
 21
279.16666666666663
 31
0.0
  0
LINE
  5
10C
330
17
100
AcDbEntity
  8
虚线
  6
DASHED
370
18
100
AcDbLine
 10
93.90666666666667
 20
245.83333333333331
 30
0.0
 11
93.90666666666667
 21
279.16666666666663
 31
0.0
  0
LINE
  5
10D
330
17
100
AcDbEntity
  8
虚线
  6
DASHED
370
18
100
AcDbLine
 10
99.16
 20
245.83333333333331
 30
0.0
 11
99.16
 21
279.16666666666663
 31
0.0
  0
LINE
  5
10E
330
17
100
AcDbEntity
  8
虚线
  6
DASHED
370
18
100
AcDbLine
 10
96.53333333333333
 20
245.83333333333331
 30
0.0
 11
96.53333333333333
 21
219.16666666666666
 31
0.0
  0
LINE
  5
10F
330
17
100
AcDbEntity
  8
细实线
  6
Continuous
370
18
100
AcDbLine
 10
92.31666666666666
 20
245.83333333333331
 30
0.0
 11
92.98333333333332
 21
247.16666666666666
 31
0.0
  0
LINE
  5
110
330
17
100
AcDbEntity
  8
细实线
  6
Continuous
370
18
100
AcDbLine
 10
100.75
 20
245.83333333333331
 30
0.0
 11
100.08333333333333
 21
247.16666666666666
 31
0.0
  0
LINE
  5
111
330
17
100
AcDbEntity
  8
轮廓
  6
Continuous
370
60
100
AcDbLine
 10
111.91666666666666
 20
245.83333333333331
 30
0.0
 11
111.91666666666666
 21
279.16666666666663
 31
0.0
  0
LINE
  5
112
330
17
100
AcDbEntity
  8
轮廓
  6
Continuous
370
60
100
AcDbLine
 10
119.01666666666665
 20
245.83333333333331
 30
0.0
 11
119.01666666666665
 21
279.16666666666663
 31
0.0
  0
LINE
  5
113
330
17
100
AcDbEntity
  8
轮廓
  6
Continuous
370
60
100
AcDbLine
 10
111.91666666666666
 20
279.16666666666663
 30
0.0
 11
119.01666666666665
 21
279.16666666666663
 31
0.0
  0
LINE
  5
114
330
17
100
AcDbEntity
  8
虚线
  6
DASHED
370
18
100
AcDbLine
 10
112.83999999999999
 20
245.83333333333331
 30
0.0
 11
112.83999999999999
 21
279.16666666666663
 31
0.0
  0
LINE
  5
115
330
17
100
AcDbEntity
  8
虚线
  6
DASHED
370
18
100
AcDbLine
 10
118.09333333333332
 20
245.83333333333331
 30
0.0
 11
118.09333333333332
 21
279.16666666666663
 31
0.0
  0
LINE
  5
116
330
17
100
AcDbEntity
  8
虚线
  6
DASHED
370
18
100
AcDbLine
 10
115.46666666666665
 20
245.83333333333331
 30
0.0
 11
115.46666666666665
 21
219.16666666666666
 31
0.0
  0
LINE
  5
117
330
17
100
AcDbEntity
  8
细实线
  6
Continuous
370
18
100
AcDbLine
 10
111.25
 20
245.83333333333331
 30
0.0
 11
111.91666666666666
 21
247.16666666666666
 31
0.0
  0
LINE
  5
118
330
17
100
AcDbEntity
  8
细实线
  6
Continuous
370
18
100
AcDbLine
 10
119.68333333333331
 20
245.83333333333331
 30
0.0
 11
119.01666666666665
 21
247.16666666666666
 31
0.0
  0
LINE
  5
119
330
17
100
AcDbEntity
  8
轮廓
  6
Continuous
370
60
100
AcDbLine
 10
95.66666666666666
 20
229.26666666666665
 30
0.0
 11
116.33333333333333
 21
229.26666666666665
 31
0.0
  0
LINE
  5
11A
330
17
100
AcDbEntity
  8
轮廓
  6
Continuous
370
60
100
AcDbLine
 10
95.66666666666666
 20
120.73333333333333
 30
0.0
 11
116.33333333333333
 21
120.73333333333333
 31
0.0
  0
LINE
  5
11B
330
17
100
AcDbEntity
  8
轮廓
  6
Continuous
370
60
100
AcDbLine
 10
94.0
 20
227.26666666666665
 30
0.0
 11
97.33333333333333
 21
227.26666666666665
 31
0.0
  0
LINE
  5
11C
330
17
100
AcDbEntity
  8
轮廓
  6
Continuous
370
60
100
AcDbLine
 10
97.33333333333333
 20
227.26666666666665
 30
0.0
 11
97.33333333333333
 21
231.26666666666665
 31
0.0
  0
LINE
  5
11D
330
17
100
AcDbEntity
  8
轮廓
  6
Continuous
370
60
100
AcDbLine
 10
97.33333333333333
 20
231.26666666666665
 30
0.0
 11
94.0
 21
231.26666666666665
 31
0.0
  0
LINE
  5
11E
330
17
100
AcDbEntity
  8
轮廓
  6
Continuous
370
60
100
AcDbLine
 10
94.0
 20
231.26666666666665
 30
0.0
 11
94.0
 21
227.26666666666665
 31
0.0
  0
LINE
  5
11F
330
17
100
AcDbEntity
  8
细实线
  6
Continuous
370
18
100
AcDbLine
 10
94.0
 20
118.73333333333333
 30
0.0
 11
97.33333333333333
 21
118.73333333333333
 31
0.0
  0
LINE
  5
120
330
17
100
AcDbEntity
  8
细实线
  6
Continuous
370
18
100
AcDbLine
 10
97.33333333333333
 20
118.73333333333333
 30
0.0
 11
97.33333333333333
 21
122.73333333333333
 31
0.0
  0
LINE
  5
121
330
17
100
AcDbEntity
  8
细实线
  6
Continuous
370
18
100
AcDbLine
 10
97.33333333333333
 20
122.73333333333333
 30
0.0
 11
94.0
 21
122.73333333333333
 31
0.0
  0
LINE
  5
122
330
17
100
AcDbEntity
  8
细实线
  6
Continuous
370
18
100
AcDbLine
 10
94.0
 20
122.73333333333333
 30
0.0
 11
94.0
 21
118.73333333333333
 31
0.0
  0
LINE
  5
123
330
17
100
AcDbEntity
  8
轮廓
  6
Continuous
370
60
100
AcDbLine
 10
114.66666666666666
 20
227.26666666666665
 30
0.0
 11
118.0
 21
227.26666666666665
 31
0.0
  0
LINE
  5
124
330
17
100
AcDbEntity
  8
轮廓
  6
Continuous
370
60
100
AcDbLine
 10
118.0
 20
227.26666666666665
 30
0.0
 11
118.0
 21
231.26666666666665
 31
0.0
  0
LINE
  5
125
330
17
100
AcDbEntity
  8
轮廓
  6
Continuous
370
60
100
AcDbLine
 10
118.0
 20
231.26666666666665
 30
0.0
 11
114.66666666666666
 21
231.26666666666665
 31
0.0
  0
LINE
  5
126
330
17
100
AcDbEntity
  8
轮廓
  6
Continuous
370
60
100
AcDbLine
 10
114.66666666666666
 20
231.26666666666665
 30
0.0
 11
114.66666666666666
 21
227.26666666666665
 31
0.0
  0
LINE
  5
127
330
17
100
AcDbEntity
  8
细实线
  6
Continuous
370
18
100
AcDbLine
 10
114.66666666666666
 20
118.73333333333333
 30
0.0
 11
118.0
 21
118.73333333333333
 31
0.0
  0
LINE
  5
128
330
17
100
AcDbEntity
  8
细实线
  6
Continuous
370
18
100
AcDbLine
 10
118.0
 20
118.73333333333333
 30
0.0
 11
118.0
 21
122.73333333333333
 31
0.0
  0
LINE
  5
129
330
17
100
AcDbEntity
  8
细实线
  6
Continuous
370
18
100
AcDbLine
 10
118.0
 20
122.73333333333333
 30
0.0
 11
114.66666666666666
 21
122.73333333333333
 31
0.0
  0
LINE
  5
12A
330
17
100
AcDbEntity
  8
细实线
  6
Continuous
370
18
100
AcDbLine
 10
114.66666666666666
 20
122.73333333333333
 30
0.0
 11
114.66666666666666
 21
118.73333333333333
 31
0.0
  0
LINE
  5
12B
330
17
100
AcDbEntity
  8
标注
  6
Continuous
370
18
100
AcDbLine
 10
93.66666666666666
 20
90.16666666666667
 30
0.0
 11
118.33333333333333
 21
90.16666666666667
 31
0.0
  0
LINE
  5
12C
330
17
100
AcDbEntity
  8
标注
  6
Continuous
370
18
100
AcDbLine
 10
93.66666666666666
 20
88.56666666666668
 30
0.0
 11
93.66666666666666
 21
91.76666666666667
 31
0.0
  0
LINE
  5
12D
330
17
100
AcDbEntity
  8
标注
  6
Continuous
370
18
100
AcDbLine
 10
118.33333333333333
 20
88.56666666666668
 30
0.0
 11
118.33333333333333
 21
91.76666666666667
 31
0.0
  0
LINE
  5
12E
330
17
100
AcDbEntity
  8
标注
  6
Continuous
370
18
100
AcDbLine
 10
93.66666666666666
 20
90.16666666666667
 30
0.0
 11
96.06666666666666
 21
91.01666666666667
 31
0.0
  0
LINE
  5
12F
330
17
100
AcDbEntity
  8
标注
  6
Continuous
370
18
100
AcDbLine
 10
93.66666666666666
 20
90.16666666666667
 30
0.0
 11
96.06666666666666
 21
89.31666666666668
 31
0.0
  0
LINE
  5
130
330
17
100
AcDbEntity
  8
标注
  6
Continuous
370
18
100
AcDbLine
 10
118.33333333333333
 20
90.16666666666667
 30
0.0
 11
115.93333333333332
 21
91.01666666666667
 31
0.0
  0
LINE
  5
131
330
17
100
AcDbEntity
  8
标注
  6
Continuous
370
18
100
AcDbLine
 10
118.33333333333333
 20
90.16666666666667
 30
0.0
 11
115.93333333333332
 21
89.31666666666668
 31
0.0
  0
TEXT
  5
132
330
17
100
AcDbEntity
  8
标注
100
AcDbText
 10
106.0
 20
92.16666666666667
 30
0.0
 40
2.5
  1
≈74
  7
CN
 72
1
 11
106.0
 21
92.16666666666667
 31
0.0
100
AcDbText
 73
1
  0
LINE
  5
133
330
17
100
AcDbEntity
  8
标注
  6
Continuous
370
18
100
AcDbLine
 10
18.333333333333336
 20
104.16666666666667
 30
0.0
 11
18.333333333333336
 21
245.83333333333331
 31
0.0
  0
LINE
  5
134
330
17
100
AcDbEntity
  8
标注
  6
Continuous
370
18
100
AcDbLine
 10
16.733333333333334
 20
104.16666666666667
 30
0.0
 11
19.933333333333337
 21
104.16666666666667
 31
0.0
  0
LINE
  5
135
330
17
100
AcDbEntity
  8
标注
  6
Continuous
370
18
100
AcDbLine
 10
16.733333333333334
 20
245.83333333333331
 30
0.0
 11
19.933333333333337
 21
245.83333333333331
 31
0.0
  0
LINE
  5
136
330
17
100
AcDbEntity
  8
标注
  6
Continuous
370
18
100
AcDbLine
 10
18.333333333333336
 20
104.16666666666667
 30
0.0
 11
17.483333333333334
 21
106.56666666666668
 31
0.0
  0
LINE
  5
137
330
17
100
AcDbEntity
  8
标注
  6
Continuous
370
18
100
AcDbLine
 10
18.333333333333336
 20
104.16666666666667
 30
0.0
 11
19.183333333333337
 21
106.56666666666668
 31
0.0
  0
LINE
  5
138
330
17
100
AcDbEntity
  8
标注
  6
Continuous
370
18
100
AcDbLine
 10
18.333333333333336
 20
245.83333333333331
 30
0.0
 11
17.483333333333334
 21
243.4333333333333
 31
0.0
  0
LINE
  5
139
330
17
100
AcDbEntity
  8
标注
  6
Continuous
370
18
100
AcDbLine
 10
18.333333333333336
 20
245.83333333333331
 30
0.0
 11
19.183333333333337
 21
243.4333333333333
 31
0.0
  0
TEXT
  5
13A
330
17
100
AcDbEntity
  8
标注
100
AcDbText
 10
13.333333333333336
 20
175.0
 30
0.0
 40
2.5
  1
Ø425
 50
90.0
  7
CN
 72
1
 11
13.333333333333336
 21
175.0
 31
0.0
100
AcDbText
 73
2
  0
TEXT
  5
13B
330
17
100
AcDbEntity
  8
标注
100
AcDbText
 10
50.0
 20
223.83333333333331
 30
0.0
 40
2.3
  1
Ø273.0×4.0
  7
CN
 72
1
 11
50.0
 21
223.83333333333331
 31
0.0
100
AcDbText
 73
1
  0
TEXT
  5
13C
330
17
100
AcDbEntity
  8
标注
100
AcDbText
 10
113.0
 20
177.66666666666666
 30
0.0
 40
2.3
  1
d=Ø136.18
  7
CN
 11
113.0
 21
177.66666666666666
 31
0.0
100
AcDbText
  0
TEXT
  5
13D
330
17
100
AcDbEntity
  8
标注
100
AcDbText
 10
106.0
 20
285.16666666666663
 30
0.0
 40
2.1
  1
taps 25.4±0.8 from plate face
  7
CN
 72
1
 11
106.0
 21
285.16666666666663
 31
0.0
100
AcDbText
 73
1
  0
TEXT
  5
13E
330
17
100
AcDbEntity
  8
标注
100
AcDbText
 10
106.0
 20
93.5
 30
0.0
 40
2.4
  1
FLOW →  (bevel downstream)
  7
CN
 72
1
 11
106.0
 21
93.5
 31
0.0
100
AcDbText
 73
3
  0
TEXT
  5
13F
330
17
100
AcDbEntity
  8
文字
100
AcDbText
 10
106.0
 20
293.8333333333333
 30
0.0
 40
2.4
  1
Section A-A  (upper: outline / lower: section)
  7
CN
 72
1
 11
106.0
 21
293.8333333333333
 31
0.0
100
AcDbText
 73
1
  0
LINE
  5
140
330
17
100
AcDbEntity
  8
轴测
  6
Continuous
370
18
100
AcDbLine
 10
310.0
 20
186.0
 30
0.0
 11
314.2
 21
186.0
 31
0.0
  0
LINE
  5
141
330
17
100
AcDbEntity
  8
轴测
  6
Continuous
370
18
100
AcDbLine
 10
314.2
 20
186.0
 30
0.0
 11
334.2
 21
171.6
 31
0.0
  0
LINE
  5
142
330
17
100
AcDbEntity
  8
轴测
  6
Continuous
370
18
100
AcDbLine
 10
334.2
 20
171.6
 30
0.0
 11
330.0
 21
171.6
 31
0.0
  0
LINE
  5
143
330
17
100
AcDbEntity
  8
轴测
  6
Continuous
370
18
100
AcDbLine
 10
330.0
 20
171.6
 30
0.0
 11
310.0
 21
186.0
 31
0.0
  0
LINE
  5
144
330
17
100
AcDbEntity
  8
轴测
  6
Continuous
370
18
100
AcDbLine
 10
310.0
 20
214.0
 30
0.0
 11
314.2
 21
214.0
 31
0.0
  0
LINE
  5
145
330
17
100
AcDbEntity
  8
轴测
  6
Continuous
370
18
100
AcDbLine
 10
314.2
 20
214.0
 30
0.0
 11
334.2
 21
199.6
 31
0.0
  0
LINE
  5
146
330
17
100
AcDbEntity
  8
轴测
  6
Continuous
370
18
100
AcDbLine
 10
334.2
 20
199.6
 30
0.0
 11
330.0
 21
199.6
 31
0.0
  0
LINE
  5
147
330
17
100
AcDbEntity
  8
轴测
  6
Continuous
370
18
100
AcDbLine
 10
330.0
 20
199.6
 30
0.0
 11
310.0
 21
214.0
 31
0.0
  0
LINE
  5
148
330
17
100
AcDbEntity
  8
轴测
  6
Continuous
370
18
100
AcDbLine
 10
310.0
 20
186.0
 30
0.0
 11
310.0
 21
214.0
 31
0.0
  0
LINE
  5
149
330
17
100
AcDbEntity
  8
轴测
  6
Continuous
370
18
100
AcDbLine
 10
314.2
 20
186.0
 30
0.0
 11
314.2
 21
214.0
 31
0.0
  0
LINE
  5
14A
330
17
100
AcDbEntity
  8
轴测
  6
Continuous
370
18
100
AcDbLine
 10
334.2
 20
171.6
 30
0.0
 11
334.2
 21
199.6
 31
0.0
  0
LINE
  5
14B
330
17
100
AcDbEntity
  8
轴测
  6
Continuous
370
18
100
AcDbLine
 10
330.0
 20
171.6
 30
0.0
 11
330.0
 21
199.6
 31
0.0
  0
LINE
  5
14C
330
17
100
AcDbEntity
  8
轴测
  6
Continuous
370
18
100
AcDbLine
 10
317.55
 20
188.6
 30
0.0
 11
318.6
 21
188.6
 31
0.0
  0
LINE
  5
14D
330
17
100
AcDbEntity
  8
轴测
  6
Continuous
370
18
100
AcDbLine
 10
318.6
 20
188.6
 30
0.0
 11
336.1
 21
176.0
 31
0.0
  0
LINE
  5
14E
330
17
100
AcDbEntity
  8
轴测
  6
Continuous
370
18
100
AcDbLine
 10
336.1
 20
176.0
 30
0.0
 11
335.05
 21
176.0
 31
0.0
  0
LINE
  5
14F
330
17
100
AcDbEntity
  8
轴测
  6
Continuous
370
18
100
AcDbLine
 10
335.05
 20
176.0
 30
0.0
 11
317.55
 21
188.6
 31
0.0
  0
LINE
  5
150
330
17
100
AcDbEntity
  8
轴测
  6
Continuous
370
18
100
AcDbLine
 10
317.55
 20
209.6
 30
0.0
 11
318.6
 21
209.6
 31
0.0
  0
LINE
  5
151
330
17
100
AcDbEntity
  8
轴测
  6
Continuous
370
18
100
AcDbLine
 10
318.6
 20
209.6
 30
0.0
 11
336.1
 21
197.0
 31
0.0
  0
LINE
  5
152
330
17
100
AcDbEntity
  8
轴测
  6
Continuous
370
18
100
AcDbLine
 10
336.1
 20
197.0
 30
0.0
 11
335.05
 21
197.0
 31
0.0
  0
LINE
  5
153
330
17
100
AcDbEntity
  8
轴测
  6
Continuous
370
18
100
AcDbLine
 10
335.05
 20
197.0
 30
0.0
 11
317.55
 21
209.6
 31
0.0
  0
LINE
  5
154
330
17
100
AcDbEntity
  8
轴测
  6
Continuous
370
18
100
AcDbLine
 10
317.55
 20
188.6
 30
0.0
 11
317.55
 21
209.6
 31
0.0
  0
LINE
  5
155
330
17
100
AcDbEntity
  8
轴测
  6
Continuous
370
18
100
AcDbLine
 10
318.6
 20
188.6
 30
0.0
 11
318.6
 21
209.6
 31
0.0
  0
LINE
  5
156
330
17
100
AcDbEntity
  8
轴测
  6
Continuous
370
18
100
AcDbLine
 10
336.1
 20
176.0
 30
0.0
 11
336.1
 21
197.0
 31
0.0
  0
LINE
  5
157
330
17
100
AcDbEntity
  8
轴测
  6
Continuous
370
18
100
AcDbLine
 10
335.05
 20
176.0
 30
0.0
 11
335.05
 21
197.0
 31
0.0
  0
LINE
  5
158
330
17
100
AcDbEntity
  8
轴测
  6
Continuous
370
18
100
AcDbLine
 10
319.1
 20
186.0
 30
0.0
 11
323.3
 21
186.0
 31
0.0
  0
LINE
  5
159
330
17
100
AcDbEntity
  8
轴测
  6
Continuous
370
18
100
AcDbLine
 10
323.3
 20
186.0
 30
0.0
 11
343.3
 21
171.6
 31
0.0
  0
LINE
  5
15A
330
17
100
AcDbEntity
  8
轴测
  6
Continuous
370
18
100
AcDbLine
 10
343.3
 20
171.6
 30
0.0
 11
339.1
 21
171.6
 31
0.0
  0
LINE
  5
15B
330
17
100
AcDbEntity
  8
轴测
  6
Continuous
370
18
100
AcDbLine
 10
339.1
 20
171.6
 30
0.0
 11
319.1
 21
186.0
 31
0.0
  0
LINE
  5
15C
330
17
100
AcDbEntity
  8
轴测
  6
Continuous
370
18
100
AcDbLine
 10
319.1
 20
214.0
 30
0.0
 11
323.3
 21
214.0
 31
0.0
  0
LINE
  5
15D
330
17
100
AcDbEntity
  8
轴测
  6
Continuous
370
18
100
AcDbLine
 10
323.3
 20
214.0
 30
0.0
 11
343.3
 21
199.6
 31
0.0
  0
LINE
  5
15E
330
17
100
AcDbEntity
  8
轴测
  6
Continuous
370
18
100
AcDbLine
 10
343.3
 20
199.6
 30
0.0
 11
339.1
 21
199.6
 31
0.0
  0
LINE
  5
15F
330
17
100
AcDbEntity
  8
轴测
  6
Continuous
370
18
100
AcDbLine
 10
339.1
 20
199.6
 30
0.0
 11
319.1
 21
214.0
 31
0.0
  0
LINE
  5
160
330
17
100
AcDbEntity
  8
轴测
  6
Continuous
370
18
100
AcDbLine
 10
319.1
 20
186.0
 30
0.0
 11
319.1
 21
214.0
 31
0.0
  0
LINE
  5
161
330
17
100
AcDbEntity
  8
轴测
  6
Continuous
370
18
100
AcDbLine
 10
323.3
 20
186.0
 30
0.0
 11
323.3
 21
214.0
 31
0.0
  0
LINE
  5
162
330
17
100
AcDbEntity
  8
轴测
  6
Continuous
370
18
100
AcDbLine
 10
343.3
 20
171.6
 30
0.0
 11
343.3
 21
199.6
 31
0.0
  0
LINE
  5
163
330
17
100
AcDbEntity
  8
轴测
  6
Continuous
370
18
100
AcDbLine
 10
339.1
 20
171.6
 30
0.0
 11
339.1
 21
199.6
 31
0.0
  0
LINE
  5
164
330
17
100
AcDbEntity
  8
轴测
  6
Continuous
370
18
100
AcDbLine
 10
320.85
 20
208.39999999999998
 30
0.0
 11
322.25
 21
208.39999999999998
 31
0.0
  0
LINE
  5
165
330
17
100
AcDbEntity
  8
轴测
  6
Continuous
370
18
100
AcDbLine
 10
322.25
 20
208.39999999999998
 30
0.0
 11
323.25
 21
207.67999999999998
 31
0.0
  0
LINE
  5
166
330
17
100
AcDbEntity
  8
轴测
  6
Continuous
370
18
100
AcDbLine
 10
323.25
 20
207.67999999999998
 30
0.0
 11
321.85
 21
207.67999999999998
 31
0.0
  0
LINE
  5
167
330
17
100
AcDbEntity
  8
轴测
  6
Continuous
370
18
100
AcDbLine
 10
321.85
 20
207.67999999999998
 30
0.0
 11
320.85
 21
208.39999999999998
 31
0.0
  0
LINE
  5
168
330
17
100
AcDbEntity
  8
轴测
  6
Continuous
370
18
100
AcDbLine
 10
320.85
 20
218.2
 30
0.0
 11
322.25
 21
218.2
 31
0.0
  0
LINE
  5
169
330
17
100
AcDbEntity
  8
轴测
  6
Continuous
370
18
100
AcDbLine
 10
322.25
 20
218.2
 30
0.0
 11
323.25
 21
217.48
 31
0.0
  0
LINE
  5
16A
330
17
100
AcDbEntity
  8
轴测
  6
Continuous
370
18
100
AcDbLine
 10
323.25
 20
217.48
 30
0.0
 11
321.85
 21
217.48
 31
0.0
  0
LINE
  5
16B
330
17
100
AcDbEntity
  8
轴测
  6
Continuous
370
18
100
AcDbLine
 10
321.85
 20
217.48
 30
0.0
 11
320.85
 21
218.2
 31
0.0
  0
LINE
  5
16C
330
17
100
AcDbEntity
  8
轴测
  6
Continuous
370
18
100
AcDbLine
 10
320.85
 20
208.39999999999998
 30
0.0
 11
320.85
 21
218.2
 31
0.0
  0
LINE
  5
16D
330
17
100
AcDbEntity
  8
轴测
  6
Continuous
370
18
100
AcDbLine
 10
322.25
 20
208.39999999999998
 30
0.0
 11
322.25
 21
218.2
 31
0.0
  0
LINE
  5
16E
330
17
100
AcDbEntity
  8
轴测
  6
Continuous
370
18
100
AcDbLine
 10
323.25
 20
207.67999999999998
 30
0.0
 11
323.25
 21
217.48
 31
0.0
  0
LINE
  5
16F
330
17
100
AcDbEntity
  8
轴测
  6
Continuous
370
18
100
AcDbLine
 10
321.85
 20
207.67999999999998
 30
0.0
 11
321.85
 21
217.48
 31
0.0
  0
LINE
  5
170
330
17
100
AcDbEntity
  8
轴测
  6
Continuous
370
18
100
AcDbLine
 10
329.25
 20
208.39999999999998
 30
0.0
 11
330.65
 21
208.39999999999998
 31
0.0
  0
LINE
  5
171
330
17
100
AcDbEntity
  8
轴测
  6
Continuous
370
18
100
AcDbLine
 10
330.65
 20
208.39999999999998
 30
0.0
 11
331.65
 21
207.67999999999998
 31
0.0
  0
LINE
  5
172
330
17
100
AcDbEntity
  8
轴测
  6
Continuous
370
18
100
AcDbLine
 10
331.65
 20
207.67999999999998
 30
0.0
 11
330.25
 21
207.67999999999998
 31
0.0
  0
LINE
  5
173
330
17
100
AcDbEntity
  8
轴测
  6
Continuous
370
18
100
AcDbLine
 10
330.25
 20
207.67999999999998
 30
0.0
 11
329.25
 21
208.39999999999998
 31
0.0
  0
LINE
  5
174
330
17
100
AcDbEntity
  8
轴测
  6
Continuous
370
18
100
AcDbLine
 10
329.25
 20
218.2
 30
0.0
 11
330.65
 21
218.2
 31
0.0
  0
LINE
  5
175
330
17
100
AcDbEntity
  8
轴测
  6
Continuous
370
18
100
AcDbLine
 10
330.65
 20
218.2
 30
0.0
 11
331.65
 21
217.48
 31
0.0
  0
LINE
  5
176
330
17
100
AcDbEntity
  8
轴测
  6
Continuous
370
18
100
AcDbLine
 10
331.65
 20
217.48
 30
0.0
 11
330.25
 21
217.48
 31
0.0
  0
LINE
  5
177
330
17
100
AcDbEntity
  8
轴测
  6
Continuous
370
18
100
AcDbLine
 10
330.25
 20
217.48
 30
0.0
 11
329.25
 21
218.2
 31
0.0
  0
LINE
  5
178
330
17
100
AcDbEntity
  8
轴测
  6
Continuous
370
18
100
AcDbLine
 10
329.25
 20
208.39999999999998
 30
0.0
 11
329.25
 21
218.2
 31
0.0
  0
LINE
  5
179
330
17
100
AcDbEntity
  8
轴测
  6
Continuous
370
18
100
AcDbLine
 10
330.65
 20
208.39999999999998
 30
0.0
 11
330.65
 21
218.2
 31
0.0
  0
LINE
  5
17A
330
17
100
AcDbEntity
  8
轴测
  6
Continuous
370
18
100
AcDbLine
 10
331.65
 20
207.67999999999998
 30
0.0
 11
331.65
 21
217.48
 31
0.0
  0
LINE
  5
17B
330
17
100
AcDbEntity
  8
轴测
  6
Continuous
370
18
100
AcDbLine
 10
330.25
 20
207.67999999999998
 30
0.0
 11
330.25
 21
217.48
 31
0.0
  0
TEXT
  5
17C
330
17
100
AcDbEntity
  8
文字
100
AcDbText
 10
340.0
 20
255.0
 30
0.0
 40
2.3
  1
Isometric (schematic)
  7
CN
 72
1
 11
340.0
 21
255.0
 31
0.0
100
AcDbText
 73
1
  0
LINE
  5
17D
330
17
100
AcDbEntity
  8
标注
  6
Continuous
370
18
100
AcDbLine
 10
322.1
 20
192.8
 30
0.0
 11
285.0
 21
220.0
 31
0.0
  0
CIRCLE
  5
17E
330
17
100
AcDbEntity
  8
轮廓
  6
Continuous
370
60
100
AcDbCircle
 10
285.0
 20
220.0
 30
0.0
 40
4.0
  0
TEXT
  5
17F
330
17
100
AcDbEntity
  8
文字
100
AcDbText
 10
285.0
 20
220.0
 30
0.0
 40
2.8
  1
1
  7
CN
 72
1
 11
285.0
 21
220.0
 31
0.0
100
AcDbText
 73
2
  0
LINE
  5
180
330
17
100
AcDbEntity
  8
标注
  6
Continuous
370
18
100
AcDbLine
 10
331.2
 20
192.8
 30
0.0
 11
380.0
 21
220.0
 31
0.0
  0
CIRCLE
  5
181
330
17
100
AcDbEntity
  8
轮廓
  6
Continuous
370
60
100
AcDbCircle
 10
380.0
 20
220.0
 30
0.0
 40
4.0
  0
TEXT
  5
182
330
17
100
AcDbEntity
  8
文字
100
AcDbText
 10
380.0
 20
220.0
 30
0.0
 40
2.8
  1
2
  7
CN
 72
1
 11
380.0
 21
220.0
 31
0.0
100
AcDbText
 73
2
  0
LINE
  5
183
330
17
100
AcDbEntity
  8
标注
  6
Continuous
370
18
100
AcDbLine
 10
326.65
 20
192.8
 30
0.0
 11
335.0
 21
145.0
 31
0.0
  0
CIRCLE
  5
184
330
17
100
AcDbEntity
  8
轮廓
  6
Continuous
370
60
100
AcDbCircle
 10
335.0
 20
145.0
 30
0.0
 40
4.0
  0
TEXT
  5
185
330
17
100
AcDbEntity
  8
文字
100
AcDbText
 10
335.0
 20
145.0
 30
0.0
 40
2.8
  1
3
  7
CN
 72
1
 11
335.0
 21
145.0
 31
0.0
100
AcDbText
 73
2
  0
LINE
  5
186
330
17
100
AcDbEntity
  8
标注
  6
Continuous
370
18
100
AcDbLine
 10
322.05
 20
212.59
 30
0.0
 11
290.0
 21
250.0
 31
0.0
  0
CIRCLE
  5
187
330
17
100
AcDbEntity
  8
轮廓
  6
Continuous
370
60
100
AcDbCircle
 10
290.0
 20
250.0
 30
0.0
 40
4.0
  0
TEXT
  5
188
330
17
100
AcDbEntity
  8
文字
100
AcDbText
 10
290.0
 20
250.0
 30
0.0
 40
2.8
  1
4
  7
CN
 72
1
 11
290.0
 21
250.0
 31
0.0
100
AcDbText
 73
2
  0
LINE
  5
189
330
17
100
AcDbEntity
  8
标注
  6
Continuous
370
18
100
AcDbLine
 10
330.45
 20
212.59
 30
0.0
 11
385.0
 21
250.0
 31
0.0
  0
CIRCLE
  5
18A
330
17
100
AcDbEntity
  8
轮廓
  6
Continuous
370
60
100
AcDbCircle
 10
385.0
 20
250.0
 30
0.0
 40
4.0
  0
TEXT
  5
18B
330
17
100
AcDbEntity
  8
文字
100
AcDbText
 10
385.0
 20
250.0
 30
0.0
 40
2.8
  1
5
  7
CN
 72
1
 11
385.0
 21
250.0
 31
0.0
100
AcDbText
 73
2
  0
LINE
  5
18C
330
17
100
AcDbEntity
  8
轮廓
  6
Continuous
370
60
100
AcDbLine
 10
300.0
 20
95.0
 30
0.0
 11
395.0
 21
95.0
 31
0.0
  0
LINE
  5
18D
330
17
100
AcDbEntity
  8
轮廓
  6
Continuous
370
60
100
AcDbLine
 10
395.0
 20
95.0
 30
0.0
 11
395.0
 21
143.0
 31
0.0
  0
LINE
  5
18E
330
17
100
AcDbEntity
  8
轮廓
  6
Continuous
370
60
100
AcDbLine
 10
395.0
 20
143.0
 30
0.0
 11
300.0
 21
143.0
 31
0.0
  0
LINE
  5
18F
330
17
100
AcDbEntity
  8
轮廓
  6
Continuous
370
60
100
AcDbLine
 10
300.0
 20
143.0
 30
0.0
 11
300.0
 21
95.0
 31
0.0
  0
TEXT
  5
190
330
17
100
AcDbEntity
  8
文字
100
AcDbText
 10
347.0
 20
138.0
 30
0.0
 40
2.0
  1
NAMEPLATE
  7
CN
 72
1
 11
347.0
 21
138.0
 31
0.0
100
AcDbText
 73
2
  0
TEXT
  5
191
330
17
100
AcDbEntity
  8
文字
100
AcDbText
 10
304.0
 20
131.0
 30
0.0
 40
1.9
  1
TAG: FE-1002
  7
CN
 11
304.0
 21
131.0
 31
0.0
100
AcDbText
  0
TEXT
  5
192
330
17
100
AcDbEntity
  8
文字
100
AcDbText
 10
304.0
 20
125.5
 30
0.0
 40
1.9
  1
S/N: 26031402
  7
CN
 11
304.0
 21
125.5
 31
0.0
100
AcDbText
  0
TEXT
  5
193
330
17
100
AcDbEntity
  8
文字
100
AcDbText
 10
304.0
 20
120.0
 30
0.0
 40
1.9
  1
DN250 PN25
  7
CN
 11
304.0
 21
120.0
 31
0.0
100
AcDbText
  0
TEXT
  5
194
330
17
100
AcDbEntity
  8
文字
100
AcDbText
 10
304.0
 20
114.5
 30
0.0
 40
1.9
  1
d=136.18 D=265.0
  7
CN
 11
304.0
 21
114.5
 31
0.0
100
AcDbText
  0
TEXT
  5
195
330
17
100
AcDbEntity
  8
文字
100
AcDbText
 10
304.0
 20
109.0
 30
0.0
 40
1.9
  1
MAT: F304/F304L
  7
CN
 11
304.0
 21
109.0
 31
0.0
100
AcDbText
  0
TEXT
  5
196
330
17
100
AcDbEntity
  8
文字
100
AcDbText
 10
304.0
 20
103.5
 30
0.0
 40
1.9
  1
MODEL: ROH10×JX25N2
  7
CN
 11
304.0
 21
103.5
 31
0.0
100
AcDbText
  0
TEXT
  5
197
330
17
100
AcDbEntity
  8
文字
100
AcDbText
 10
12.0
 20
95.5
 30
0.0
 40
2.6
  1
Parts List
  7
CN
 11
12.0
 21
95.5
 31
0.0
100
AcDbText
  0
LINE
  5
198
330
17
100
AcDbEntity
  8
表格
  6
Continuous
370
18
100
AcDbLine
 10
12.0
 20
86.4
 30
0.0
 11
30.0
 21
86.4
 31
0.0
  0
LINE
  5
199
330
17
100
AcDbEntity
  8
表格
  6
Continuous
370
18
100
AcDbLine
 10
30.0
 20
86.4
 30
0.0
 11
30.0
 21
92.0
 31
0.0
  0
LINE
  5
19A
330
17
100
AcDbEntity
  8
表格
  6
Continuous
370
18
100
AcDbLine
 10
30.0
 20
92.0
 30
0.0
 11
12.0
 21
92.0
 31
0.0
  0
LINE
  5
19B
330
17
100
AcDbEntity
  8
表格
  6
Continuous
370
18
100
AcDbLine
 10
12.0
 20
92.0
 30
0.0
 11
12.0
 21
86.4
 31
0.0
  0
TEXT
  5
19C
330
17
100
AcDbEntity
  8
表格
100
AcDbText
 10
13.0
 20
89.2
 30
0.0
 40
1.8499999999999999
  1
Item
  7
CN
 11
13.0
 21
89.2
 31
0.0
100
AcDbText
 73
2
  0
LINE
  5
19D
330
17
100
AcDbEntity
  8
表格
  6
Continuous
370
18
100
AcDbLine
 10
30.0
 20
86.4
 30
0.0
 11
44.0
 21
86.4
 31
0.0
  0
LINE
  5
19E
330
17
100
AcDbEntity
  8
表格
  6
Continuous
370
18
100
AcDbLine
 10
44.0
 20
86.4
 30
0.0
 11
44.0
 21
92.0
 31
0.0
  0
LINE
  5
19F
330
17
100
AcDbEntity
  8
表格
  6
Continuous
370
18
100
AcDbLine
 10
44.0
 20
92.0
 30
0.0
 11
30.0
 21
92.0
 31
0.0
  0
LINE
  5
1A0
330
17
100
AcDbEntity
  8
表格
  6
Continuous
370
18
100
AcDbLine
 10
30.0
 20
92.0
 30
0.0
 11
30.0
 21
86.4
 31
0.0
  0
TEXT
  5
1A1
330
17
100
AcDbEntity
  8
表格
100
AcDbText
 10
31.0
 20
89.2
 30
0.0
 40
1.8499999999999999
  1
Qty
  7
CN
 11
31.0
 21
89.2
 31
0.0
100
AcDbText
 73
2
  0
LINE
  5
1A2
330
17
100
AcDbEntity
  8
表格
  6
Continuous
370
18
100
AcDbLine
 10
44.0
 20
86.4
 30
0.0
 11
159.0
 21
86.4
 31
0.0
  0
LINE
  5
1A3
330
17
100
AcDbEntity
  8
表格
  6
Continuous
370
18
100
AcDbLine
 10
159.0
 20
86.4
 30
0.0
 11
159.0
 21
92.0
 31
0.0
  0
LINE
  5
1A4
330
17
100
AcDbEntity
  8
表格
  6
Continuous
370
18
100
AcDbLine
 10
159.0
 20
92.0
 30
0.0
 11
44.0
 21
92.0
 31
0.0
  0
LINE
  5
1A5
330
17
100
AcDbEntity
  8
表格
  6
Continuous
370
18
100
AcDbLine
 10
44.0
 20
92.0
 30
0.0
 11
44.0
 21
86.4
 31
0.0
  0
TEXT
  5
1A6
330
17
100
AcDbEntity
  8
表格
100
AcDbText
 10
45.0
 20
89.2
 30
0.0
 40
1.8499999999999999
  1
Description
  7
CN
 11
45.0
 21
89.2
 31
0.0
100
AcDbText
 73
2
  0
LINE
  5
1A7
330
17
100
AcDbEntity
  8
表格
  6
Continuous
370
18
100
AcDbLine
 10
159.0
 20
86.4
 30
0.0
 11
199.0
 21
86.4
 31
0.0
  0
LINE
  5
1A8
330
17
100
AcDbEntity
  8
表格
  6
Continuous
370
18
100
AcDbLine
 10
199.0
 20
86.4
 30
0.0
 11
199.0
 21
92.0
 31
0.0
  0
LINE
  5
1A9
330
17
100
AcDbEntity
  8
表格
  6
Continuous
370
18
100
AcDbLine
 10
199.0
 20
92.0
 30
0.0
 11
159.0
 21
92.0
 31
0.0
  0
LINE
  5
1AA
330
17
100
AcDbEntity
  8
表格
  6
Continuous
370
18
100
AcDbLine
 10
159.0
 20
92.0
 30
0.0
 11
159.0
 21
86.4
 31
0.0
  0
TEXT
  5
1AB
330
17
100
AcDbEntity
  8
表格
100
AcDbText
 10
160.0
 20
89.2
 30
0.0
 40
1.8499999999999999
  1
Material
  7
CN
 11
160.0
 21
89.2
 31
0.0
100
AcDbText
 73
2
  0
LINE
  5
1AC
330
17
100
AcDbEntity
  8
表格
  6
Continuous
370
18
100
AcDbLine
 10
199.0
 20
86.4
 30
0.0
 11
231.0
 21
86.4
 31
0.0
  0
LINE
  5
1AD
330
17
100
AcDbEntity
  8
表格
  6
Continuous
370
18
100
AcDbLine
 10
231.0
 20
86.4
 30
0.0
 11
231.0
 21
92.0
 31
0.0
  0
LINE
  5
1AE
330
17
100
AcDbEntity
  8
表格
  6
Continuous
370
18
100
AcDbLine
 10
231.0
 20
92.0
 30
0.0
 11
199.0
 21
92.0
 31
0.0
  0
LINE
  5
1AF
330
17
100
AcDbEntity
  8
表格
  6
Continuous
370
18
100
AcDbLine
 10
199.0
 20
92.0
 30
0.0
 11
199.0
 21
86.4
 31
0.0
  0
TEXT
  5
1B0
330
17
100
AcDbEntity
  8
表格
100
AcDbText
 10
200.0
 20
89.2
 30
0.0
 40
1.8499999999999999
  1
Remark
  7
CN
 11
200.0
 21
89.2
 31
0.0
100
AcDbText
 73
2
  0
LINE
  5
1B1
330
17
100
AcDbEntity
  8
表格
  6
Continuous
370
18
100
AcDbLine
 10
12.0
 20
80.80000000000001
 30
0.0
 11
30.0
 21
80.80000000000001
 31
0.0
  0
LINE
  5
1B2
330
17
100
AcDbEntity
  8
表格
  6
Continuous
370
18
100
AcDbLine
 10
30.0
 20
80.80000000000001
 30
0.0
 11
30.0
 21
86.4
 31
0.0
  0
LINE
  5
1B3
330
17
100
AcDbEntity
  8
表格
  6
Continuous
370
18
100
AcDbLine
 10
30.0
 20
86.4
 30
0.0
 11
12.0
 21
86.4
 31
0.0
  0
LINE
  5
1B4
330
17
100
AcDbEntity
  8
表格
  6
Continuous
370
18
100
AcDbLine
 10
12.0
 20
86.4
 30
0.0
 11
12.0
 21
80.80000000000001
 31
0.0
  0
TEXT
  5
1B5
330
17
100
AcDbEntity
  8
表格
100
AcDbText
 10
13.0
 20
83.60000000000001
 30
0.0
 40
1.65
  1
1
  7
CN
 11
13.0
 21
83.60000000000001
 31
0.0
100
AcDbText
 73
2
  0
LINE
  5
1B6
330
17
100
AcDbEntity
  8
表格
  6
Continuous
370
18
100
AcDbLine
 10
30.0
 20
80.80000000000001
 30
0.0
 11
44.0
 21
80.80000000000001
 31
0.0
  0
LINE
  5
1B7
330
17
100
AcDbEntity
  8
表格
  6
Continuous
370
18
100
AcDbLine
 10
44.0
 20
80.80000000000001
 30
0.0
 11
44.0
 21
86.4
 31
0.0
  0
LINE
  5
1B8
330
17
100
AcDbEntity
  8
表格
  6
Continuous
370
18
100
AcDbLine
 10
44.0
 20
86.4
 30
0.0
 11
30.0
 21
86.4
 31
0.0
  0
LINE
  5
1B9
330
17
100
AcDbEntity
  8
表格
  6
Continuous
370
18
100
AcDbLine
 10
30.0
 20
86.4
 30
0.0
 11
30.0
 21
80.80000000000001
 31
0.0
  0
TEXT
  5
1BA
330
17
100
AcDbEntity
  8
表格
100
AcDbText
 10
31.0
 20
83.60000000000001
 30
0.0
 40
1.65
  1
1
  7
CN
 11
31.0
 21
83.60000000000001
 31
0.0
100
AcDbText
 73
2
  0
LINE
  5
1BB
330
17
100
AcDbEntity
  8
表格
  6
Continuous
370
18
100
AcDbLine
 10
44.0
 20
80.80000000000001
 30
0.0
 11
159.0
 21
80.80000000000001
 31
0.0
  0
LINE
  5
1BC
330
17
100
AcDbEntity
  8
表格
  6
Continuous
370
18
100
AcDbLine
 10
159.0
 20
80.80000000000001
 30
0.0
 11
159.0
 21
86.4
 31
0.0
  0
LINE
  5
1BD
330
17
100
AcDbEntity
  8
表格
  6
Continuous
370
18
100
AcDbLine
 10
159.0
 20
86.4
 30
0.0
 11
44.0
 21
86.4
 31
0.0
  0
LINE
  5
1BE
330
17
100
AcDbEntity
  8
表格
  6
Continuous
370
18
100
AcDbLine
 10
44.0
 20
86.4
 30
0.0
 11
44.0
 21
80.80000000000001
 31
0.0
  0
TEXT
  5
1BF
330
17
100
AcDbEntity
  8
表格
100
AcDbText
 10
45.0
 20
83.60000000000001
 30
0.0
 40
1.65
  1
Upstream orifice flange WN R
  7
CN
 11
45.0
 21
83.60000000000001
 31
0.0
100
AcDbText
 73
2
  0
LINE
  5
1C0
330
17
100
AcDbEntity
  8
表格
  6
Continuous
370
18
100
AcDbLine
 10
159.0
 20
80.80000000000001
 30
0.0
 11
199.0
 21
80.80000000000001
 31
0.0
  0
LINE
  5
1C1
330
17
100
AcDbEntity
  8
表格
  6
Continuous
370
18
100
AcDbLine
 10
199.0
 20
80.80000000000001
 30
0.0
 11
199.0
 21
86.4
 31
0.0
  0
LINE
  5
1C2
330
17
100
AcDbEntity
  8
表格
  6
Continuous
370
18
100
AcDbLine
 10
199.0
 20
86.4
 30
0.0
 11
159.0
 21
86.4
 31
0.0
  0
LINE
  5
1C3
330
17
100
AcDbEntity
  8
表格
  6
Continuous
370
18
100
AcDbLine
 10
159.0
 20
86.4
 30
0.0
 11
159.0
 21
80.80000000000001
 31
0.0
  0
TEXT
  5
1C4
330
17
100
AcDbEntity
  8
表格
100
AcDbText
 10
160.0
 20
83.60000000000001
 30
0.0
 40
1.65
  1
F304/F304L
  7
CN
 11
160.0
 21
83.60000000000001
 31
0.0
100
AcDbText
 73
2
  0
LINE
  5
1C5
330
17
100
AcDbEntity
  8
表格
  6
Continuous
370
18
100
AcDbLine
 10
199.0
 20
80.80000000000001
 30
0.0
 11
231.0
 21
80.80000000000001
 31
0.0
  0
LINE
  5
1C6
330
17
100
AcDbEntity
  8
表格
  6
Continuous
370
18
100
AcDbLine
 10
231.0
 20
80.80000000000001
 30
0.0
 11
231.0
 21
86.4
 31
0.0
  0
LINE
  5
1C7
330
17
100
AcDbEntity
  8
表格
  6
Continuous
370
18
100
AcDbLine
 10
231.0
 20
86.4
 30
0.0
 11
199.0
 21
86.4
 31
0.0
  0
LINE
  5
1C8
330
17
100
AcDbEntity
  8
表格
  6
Continuous
370
18
100
AcDbLine
 10
199.0
 20
86.4
 30
0.0
 11
199.0
 21
80.80000000000001
 31
0.0
  0
TEXT
  5
1C9
330
17
100
AcDbEntity
  8
表格
100
AcDbText
 10
200.0
 20
83.60000000000001
 30
0.0
 40
1.65
  1
HG/T20592
  7
CN
 11
200.0
 21
83.60000000000001
 31
0.0
100
AcDbText
 73
2
  0
LINE
  5
1CA
330
17
100
AcDbEntity
  8
表格
  6
Continuous
370
18
100
AcDbLine
 10
12.0
 20
75.20000000000002
 30
0.0
 11
30.0
 21
75.20000000000002
 31
0.0
  0
LINE
  5
1CB
330
17
100
AcDbEntity
  8
表格
  6
Continuous
370
18
100
AcDbLine
 10
30.0
 20
75.20000000000002
 30
0.0
 11
30.0
 21
80.80000000000001
 31
0.0
  0
LINE
  5
1CC
330
17
100
AcDbEntity
  8
表格
  6
Continuous
370
18
100
AcDbLine
 10
30.0
 20
80.80000000000001
 30
0.0
 11
12.0
 21
80.80000000000001
 31
0.0
  0
LINE
  5
1CD
330
17
100
AcDbEntity
  8
表格
  6
Continuous
370
18
100
AcDbLine
 10
12.0
 20
80.80000000000001
 30
0.0
 11
12.0
 21
75.20000000000002
 31
0.0
  0
TEXT
  5
1CE
330
17
100
AcDbEntity
  8
表格
100
AcDbText
 10
13.0
 20
78.00000000000001
 30
0.0
 40
1.65
  1
2
  7
CN
 11
13.0
 21
78.00000000000001
 31
0.0
100
AcDbText
 73
2
  0
LINE
  5
1CF
330
17
100
AcDbEntity
  8
表格
  6
Continuous
370
18
100
AcDbLine
 10
30.0
 20
75.20000000000002
 30
0.0
 11
44.0
 21
75.20000000000002
 31
0.0
  0
LINE
  5
1D0
330
17
100
AcDbEntity
  8
表格
  6
Continuous
370
18
100
AcDbLine
 10
44.0
 20
75.20000000000002
 30
0.0
 11
44.0
 21
80.80000000000001
 31
0.0
  0
LINE
  5
1D1
330
17
100
AcDbEntity
  8
表格
  6
Continuous
370
18
100
AcDbLine
 10
44.0
 20
80.80000000000001
 30
0.0
 11
30.0
 21
80.80000000000001
 31
0.0
  0
LINE
  5
1D2
330
17
100
AcDbEntity
  8
表格
  6
Continuous
370
18
100
AcDbLine
 10
30.0
 20
80.80000000000001
 30
0.0
 11
30.0
 21
75.20000000000002
 31
0.0
  0
TEXT
  5
1D3
330
17
100
AcDbEntity
  8
表格
100
AcDbText
 10
31.0
 20
78.00000000000001
 30
0.0
 40
1.65
  1
1
  7
CN
 11
31.0
 21
78.00000000000001
 31
0.0
100
AcDbText
 73
2
  0
LINE
  5
1D4
330
17
100
AcDbEntity
  8
表格
  6
Continuous
370
18
100
AcDbLine
 10
44.0
 20
75.20000000000002
 30
0.0
 11
159.0
 21
75.20000000000002
 31
0.0
  0
LINE
  5
1D5
330
17
100
AcDbEntity
  8
表格
  6
Continuous
370
18
100
AcDbLine
 10
159.0
 20
75.20000000000002
 30
0.0
 11
159.0
 21
80.80000000000001
 31
0.0
  0
LINE
  5
1D6
330
17
100
AcDbEntity
  8
表格
  6
Continuous
370
18
100
AcDbLine
 10
159.0
 20
80.80000000000001
 30
0.0
 11
44.0
 21
80.80000000000001
 31
0.0
  0
LINE
  5
1D7
330
17
100
AcDbEntity
  8
表格
  6
Continuous
370
18
100
AcDbLine
 10
44.0
 20
80.80000000000001
 30
0.0
 11
44.0
 21
75.20000000000002
 31
0.0
  0
TEXT
  5
1D8
330
17
100
AcDbEntity
  8
表格
100
AcDbText
 10
45.0
 20
78.00000000000001
 30
0.0
 40
1.65
  1
Downstream orifice flange WN
  7
CN
 11
45.0
 21
78.00000000000001
 31
0.0
100
AcDbText
 73
2
  0
LINE
  5
1D9
330
17
100
AcDbEntity
  8
表格
  6
Continuous
370
18
100
AcDbLine
 10
159.0
 20
75.20000000000002
 30
0.0
 11
199.0
 21
75.20000000000002
 31
0.0
  0
LINE
  5
1DA
330
17
100
AcDbEntity
  8
表格
  6
Continuous
370
18
100
AcDbLine
 10
199.0
 20
75.20000000000002
 30
0.0
 11
199.0
 21
80.80000000000001
 31
0.0
  0
LINE
  5
1DB
330
17
100
AcDbEntity
  8
表格
  6
Continuous
370
18
100
AcDbLine
 10
199.0
 20
80.80000000000001
 30
0.0
 11
159.0
 21
80.80000000000001
 31
0.0
  0
LINE
  5
1DC
330
17
100
AcDbEntity
  8
表格
  6
Continuous
370
18
100
AcDbLine
 10
159.0
 20
80.80000000000001
 30
0.0
 11
159.0
 21
75.20000000000002
 31
0.0
  0
TEXT
  5
1DD
330
17
100
AcDbEntity
  8
表格
100
AcDbText
 10
160.0
 20
78.00000000000001
 30
0.0
 40
1.65
  1
F304/F304L
  7
CN
 11
160.0
 21
78.00000000000001
 31
0.0
100
AcDbText
 73
2
  0
LINE
  5
1DE
330
17
100
AcDbEntity
  8
表格
  6
Continuous
370
18
100
AcDbLine
 10
199.0
 20
75.20000000000002
 30
0.0
 11
231.0
 21
75.20000000000002
 31
0.0
  0
LINE
  5
1DF
330
17
100
AcDbEntity
  8
表格
  6
Continuous
370
18
100
AcDbLine
 10
231.0
 20
75.20000000000002
 30
0.0
 11
231.0
 21
80.80000000000001
 31
0.0
  0
LINE
  5
1E0
330
17
100
AcDbEntity
  8
表格
  6
Continuous
370
18
100
AcDbLine
 10
231.0
 20
80.80000000000001
 30
0.0
 11
199.0
 21
80.80000000000001
 31
0.0
  0
LINE
  5
1E1
330
17
100
AcDbEntity
  8
表格
  6
Continuous
370
18
100
AcDbLine
 10
199.0
 20
80.80000000000001
 30
0.0
 11
199.0
 21
75.20000000000002
 31
0.0
  0
TEXT
  5
1E2
330
17
100
AcDbEntity
  8
表格
100
AcDbText
 10
200.0
 20
78.00000000000001
 30
0.0
 40
1.65
  1
mirror
  7
CN
 11
200.0
 21
78.00000000000001
 31
0.0
100
AcDbText
 73
2
  0
LINE
  5
1E3
330
17
100
AcDbEntity
  8
表格
  6
Continuous
370
18
100
AcDbLine
 10
12.0
 20
69.60000000000002
 30
0.0
 11
30.0
 21
69.60000000000002
 31
0.0
  0
LINE
  5
1E4
330
17
100
AcDbEntity
  8
表格
  6
Continuous
370
18
100
AcDbLine
 10
30.0
 20
69.60000000000002
 30
0.0
 11
30.0
 21
75.20000000000002
 31
0.0
  0
LINE
  5
1E5
330
17
100
AcDbEntity
  8
表格
  6
Continuous
370
18
100
AcDbLine
 10
30.0
 20
75.20000000000002
 30
0.0
 11
12.0
 21
75.20000000000002
 31
0.0
  0
LINE
  5
1E6
330
17
100
AcDbEntity
  8
表格
  6
Continuous
370
18
100
AcDbLine
 10
12.0
 20
75.20000000000002
 30
0.0
 11
12.0
 21
69.60000000000002
 31
0.0
  0
TEXT
  5
1E7
330
17
100
AcDbEntity
  8
表格
100
AcDbText
 10
13.0
 20
72.40000000000002
 30
0.0
 40
1.65
  1
3
  7
CN
 11
13.0
 21
72.40000000000002
 31
0.0
100
AcDbText
 73
2
  0
LINE
  5
1E8
330
17
100
AcDbEntity
  8
表格
  6
Continuous
370
18
100
AcDbLine
 10
30.0
 20
69.60000000000002
 30
0.0
 11
44.0
 21
69.60000000000002
 31
0.0
  0
LINE
  5
1E9
330
17
100
AcDbEntity
  8
表格
  6
Continuous
370
18
100
AcDbLine
 10
44.0
 20
69.60000000000002
 30
0.0
 11
44.0
 21
75.20000000000002
 31
0.0
  0
LINE
  5
1EA
330
17
100
AcDbEntity
  8
表格
  6
Continuous
370
18
100
AcDbLine
 10
44.0
 20
75.20000000000002
 30
0.0
 11
30.0
 21
75.20000000000002
 31
0.0
  0
LINE
  5
1EB
330
17
100
AcDbEntity
  8
表格
  6
Continuous
370
18
100
AcDbLine
 10
30.0
 20
75.20000000000002
 30
0.0
 11
30.0
 21
69.60000000000002
 31
0.0
  0
TEXT
  5
1EC
330
17
100
AcDbEntity
  8
表格
100
AcDbText
 10
31.0
 20
72.40000000000002
 30
0.0
 40
1.65
  1
1
  7
CN
 11
31.0
 21
72.40000000000002
 31
0.0
100
AcDbText
 73
2
  0
LINE
  5
1ED
330
17
100
AcDbEntity
  8
表格
  6
Continuous
370
18
100
AcDbLine
 10
44.0
 20
69.60000000000002
 30
0.0
 11
159.0
 21
69.60000000000002
 31
0.0
  0
LINE
  5
1EE
330
17
100
AcDbEntity
  8
表格
  6
Continuous
370
18
100
AcDbLine
 10
159.0
 20
69.60000000000002
 30
0.0
 11
159.0
 21
75.20000000000002
 31
0.0
  0
LINE
  5
1EF
330
17
100
AcDbEntity
  8
表格
  6
Continuous
370
18
100
AcDbLine
 10
159.0
 20
75.20000000000002
 30
0.0
 11
44.0
 21
75.20000000000002
 31
0.0
  0
LINE
  5
1F0
330
17
100
AcDbEntity
  8
表格
  6
Continuous
370
18
100
AcDbLine
 10
44.0
 20
75.20000000000002
 30
0.0
 11
44.0
 21
69.60000000000002
 31
0.0
  0
TEXT
  5
1F1
330
17
100
AcDbEntity
  8
表格
100
AcDbText
 10
45.0
 20
72.40000000000002
 30
0.0
 40
1.65
  1
Orifice plate Ø320.0×6.0 bor
  7
CN
 11
45.0
 21
72.40000000000002
 31
0.0
100
AcDbText
 73
2
  0
LINE
  5
1F2
330
17
100
AcDbEntity
  8
表格
  6
Continuous
370
18
100
AcDbLine
 10
159.0
 20
69.60000000000002
 30
0.0
 11
199.0
 21
69.60000000000002
 31
0.0
  0
LINE
  5
1F3
330
17
100
AcDbEntity
  8
表格
  6
Continuous
370
18
100
AcDbLine
 10
199.0
 20
69.60000000000002
 30
0.0
 11
199.0
 21
75.20000000000002
 31
0.0
  0
LINE
  5
1F4
330
17
100
AcDbEntity
  8
表格
  6
Continuous
370
18
100
AcDbLine
 10
199.0
 20
75.20000000000002
 30
0.0
 11
159.0
 21
75.20000000000002
 31
0.0
  0
LINE
  5
1F5
330
17
100
AcDbEntity
  8
表格
  6
Continuous
370
18
100
AcDbLine
 10
159.0
 20
75.20000000000002
 30
0.0
 11
159.0
 21
69.60000000000002
 31
0.0
  0
TEXT
  5
1F6
330
17
100
AcDbEntity
  8
表格
100
AcDbText
 10
160.0
 20
72.40000000000002
 30
0.0
 40
1.65
  1
F304/F304L
  7
CN
 11
160.0
 21
72.40000000000002
 31
0.0
100
AcDbText
 73
2
  0
LINE
  5
1F7
330
17
100
AcDbEntity
  8
表格
  6
Continuous
370
18
100
AcDbLine
 10
199.0
 20
69.60000000000002
 30
0.0
 11
231.0
 21
69.60000000000002
 31
0.0
  0
LINE
  5
1F8
330
17
100
AcDbEntity
  8
表格
  6
Continuous
370
18
100
AcDbLine
 10
231.0
 20
69.60000000000002
 30
0.0
 11
231.0
 21
75.20000000000002
 31
0.0
  0
LINE
  5
1F9
330
17
100
AcDbEntity
  8
表格
  6
Continuous
370
18
100
AcDbLine
 10
231.0
 20
75.20000000000002
 30
0.0
 11
199.0
 21
75.20000000000002
 31
0.0
  0
LINE
  5
1FA
330
17
100
AcDbEntity
  8
表格
  6
Continuous
370
18
100
AcDbLine
 10
199.0
 20
75.20000000000002
 30
0.0
 11
199.0
 21
69.60000000000002
 31
0.0
  0
TEXT
  5
1FB
330
17
100
AcDbEntity
  8
表格
100
AcDbText
 10
200.0
 20
72.40000000000002
 30
0.0
 40
1.65
  1
FE-1002
  7
CN
 11
200.0
 21
72.40000000000002
 31
0.0
100
AcDbText
 73
2
  0
LINE
  5
1FC
330
17
100
AcDbEntity
  8
表格
  6
Continuous
370
18
100
AcDbLine
 10
12.0
 20
64.00000000000003
 30
0.0
 11
30.0
 21
64.00000000000003
 31
0.0
  0
LINE
  5
1FD
330
17
100
AcDbEntity
  8
表格
  6
Continuous
370
18
100
AcDbLine
 10
30.0
 20
64.00000000000003
 30
0.0
 11
30.0
 21
69.60000000000002
 31
0.0
  0
LINE
  5
1FE
330
17
100
AcDbEntity
  8
表格
  6
Continuous
370
18
100
AcDbLine
 10
30.0
 20
69.60000000000002
 30
0.0
 11
12.0
 21
69.60000000000002
 31
0.0
  0
LINE
  5
1FF
330
17
100
AcDbEntity
  8
表格
  6
Continuous
370
18
100
AcDbLine
 10
12.0
 20
69.60000000000002
 30
0.0
 11
12.0
 21
64.00000000000003
 31
0.0
  0
TEXT
  5
200
330
17
100
AcDbEntity
  8
表格
100
AcDbText
 10
13.0
 20
66.80000000000003
 30
0.0
 40
1.65
  1
4
  7
CN
 11
13.0
 21
66.80000000000003
 31
0.0
100
AcDbText
 73
2
  0
LINE
  5
201
330
17
100
AcDbEntity
  8
表格
  6
Continuous
370
18
100
AcDbLine
 10
30.0
 20
64.00000000000003
 30
0.0
 11
44.0
 21
64.00000000000003
 31
0.0
  0
LINE
  5
202
330
17
100
AcDbEntity
  8
表格
  6
Continuous
370
18
100
AcDbLine
 10
44.0
 20
64.00000000000003
 30
0.0
 11
44.0
 21
69.60000000000002
 31
0.0
  0
LINE
  5
203
330
17
100
AcDbEntity
  8
表格
  6
Continuous
370
18
100
AcDbLine
 10
44.0
 20
69.60000000000002
 30
0.0
 11
30.0
 21
69.60000000000002
 31
0.0
  0
LINE
  5
204
330
17
100
AcDbEntity
  8
表格
  6
Continuous
370
18
100
AcDbLine
 10
30.0
 20
69.60000000000002
 30
0.0
 11
30.0
 21
64.00000000000003
 31
0.0
  0
TEXT
  5
205
330
17
100
AcDbEntity
  8
表格
100
AcDbText
 10
31.0
 20
66.80000000000003
 30
0.0
 40
1.65
  1
1
  7
CN
 11
31.0
 21
66.80000000000003
 31
0.0
100
AcDbText
 73
2
  0
LINE
  5
206
330
17
100
AcDbEntity
  8
表格
  6
Continuous
370
18
100
AcDbLine
 10
44.0
 20
64.00000000000003
 30
0.0
 11
159.0
 21
64.00000000000003
 31
0.0
  0
LINE
  5
207
330
17
100
AcDbEntity
  8
表格
  6
Continuous
370
18
100
AcDbLine
 10
159.0
 20
64.00000000000003
 30
0.0
 11
159.0
 21
69.60000000000002
 31
0.0
  0
LINE
  5
208
330
17
100
AcDbEntity
  8
表格
  6
Continuous
370
18
100
AcDbLine
 10
159.0
 20
69.60000000000002
 30
0.0
 11
44.0
 21
69.60000000000002
 31
0.0
  0
LINE
  5
209
330
17
100
AcDbEntity
  8
表格
  6
Continuous
370
18
100
AcDbLine
 10
44.0
 20
69.60000000000002
 30
0.0
 11
44.0
 21
64.00000000000003
 31
0.0
  0
TEXT
  5
20A
330
17
100
AcDbEntity
  8
表格
100
AcDbText
 10
45.0
 20
66.80000000000003
 30
0.0
 40
1.65
  1
Impulse pipe DN15 Ø21.3×2.77
  7
CN
 11
45.0
 21
66.80000000000003
 31
0.0
100
AcDbText
 73
2
  0
LINE
  5
20B
330
17
100
AcDbEntity
  8
表格
  6
Continuous
370
18
100
AcDbLine
 10
159.0
 20
64.00000000000003
 30
0.0
 11
199.0
 21
64.00000000000003
 31
0.0
  0
LINE
  5
20C
330
17
100
AcDbEntity
  8
表格
  6
Continuous
370
18
100
AcDbLine
 10
199.0
 20
64.00000000000003
 30
0.0
 11
199.0
 21
69.60000000000002
 31
0.0
  0
LINE
  5
20D
330
17
100
AcDbEntity
  8
表格
  6
Continuous
370
18
100
AcDbLine
 10
199.0
 20
69.60000000000002
 30
0.0
 11
159.0
 21
69.60000000000002
 31
0.0
  0
LINE
  5
20E
330
17
100
AcDbEntity
  8
表格
  6
Continuous
370
18
100
AcDbLine
 10
159.0
 20
69.60000000000002
 30
0.0
 11
159.0
 21
64.00000000000003
 31
0.0
  0
TEXT
  5
20F
330
17
100
AcDbEntity
  8
表格
100
AcDbText
 10
160.0
 20
66.80000000000003
 30
0.0
 40
1.65
  1
F304/F304L
  7
CN
 11
160.0
 21
66.80000000000003
 31
0.0
100
AcDbText
 73
2
  0
LINE
  5
210
330
17
100
AcDbEntity
  8
表格
  6
Continuous
370
18
100
AcDbLine
 10
199.0
 20
64.00000000000003
 30
0.0
 11
231.0
 21
64.00000000000003
 31
0.0
  0
LINE
  5
211
330
17
100
AcDbEntity
  8
表格
  6
Continuous
370
18
100
AcDbLine
 10
231.0
 20
64.00000000000003
 30
0.0
 11
231.0
 21
69.60000000000002
 31
0.0
  0
LINE
  5
212
330
17
100
AcDbEntity
  8
表格
  6
Continuous
370
18
100
AcDbLine
 10
231.0
 20
69.60000000000002
 30
0.0
 11
199.0
 21
69.60000000000002
 31
0.0
  0
LINE
  5
213
330
17
100
AcDbEntity
  8
表格
  6
Continuous
370
18
100
AcDbLine
 10
199.0
 20
69.60000000000002
 30
0.0
 11
199.0
 21
64.00000000000003
 31
0.0
  0
TEXT
  5
214
330
17
100
AcDbEntity
  8
表格
100
AcDbText
 10
200.0
 20
66.80000000000003
 30
0.0
 40
1.65
  1
upstream
  7
CN
 11
200.0
 21
66.80000000000003
 31
0.0
100
AcDbText
 73
2
  0
LINE
  5
215
330
17
100
AcDbEntity
  8
表格
  6
Continuous
370
18
100
AcDbLine
 10
12.0
 20
58.40000000000003
 30
0.0
 11
30.0
 21
58.40000000000003
 31
0.0
  0
LINE
  5
216
330
17
100
AcDbEntity
  8
表格
  6
Continuous
370
18
100
AcDbLine
 10
30.0
 20
58.40000000000003
 30
0.0
 11
30.0
 21
64.00000000000003
 31
0.0
  0
LINE
  5
217
330
17
100
AcDbEntity
  8
表格
  6
Continuous
370
18
100
AcDbLine
 10
30.0
 20
64.00000000000003
 30
0.0
 11
12.0
 21
64.00000000000003
 31
0.0
  0
LINE
  5
218
330
17
100
AcDbEntity
  8
表格
  6
Continuous
370
18
100
AcDbLine
 10
12.0
 20
64.00000000000003
 30
0.0
 11
12.0
 21
58.40000000000003
 31
0.0
  0
TEXT
  5
219
330
17
100
AcDbEntity
  8
表格
100
AcDbText
 10
13.0
 20
61.20000000000003
 30
0.0
 40
1.65
  1
5
  7
CN
 11
13.0
 21
61.20000000000003
 31
0.0
100
AcDbText
 73
2
  0
LINE
  5
21A
330
17
100
AcDbEntity
  8
表格
  6
Continuous
370
18
100
AcDbLine
 10
30.0
 20
58.40000000000003
 30
0.0
 11
44.0
 21
58.40000000000003
 31
0.0
  0
LINE
  5
21B
330
17
100
AcDbEntity
  8
表格
  6
Continuous
370
18
100
AcDbLine
 10
44.0
 20
58.40000000000003
 30
0.0
 11
44.0
 21
64.00000000000003
 31
0.0
  0
LINE
  5
21C
330
17
100
AcDbEntity
  8
表格
  6
Continuous
370
18
100
AcDbLine
 10
44.0
 20
64.00000000000003
 30
0.0
 11
30.0
 21
64.00000000000003
 31
0.0
  0
LINE
  5
21D
330
17
100
AcDbEntity
  8
表格
  6
Continuous
370
18
100
AcDbLine
 10
30.0
 20
64.00000000000003
 30
0.0
 11
30.0
 21
58.40000000000003
 31
0.0
  0
TEXT
  5
21E
330
17
100
AcDbEntity
  8
表格
100
AcDbText
 10
31.0
 20
61.20000000000003
 30
0.0
 40
1.65
  1
1
  7
CN
 11
31.0
 21
61.20000000000003
 31
0.0
100
AcDbText
 73
2
  0
LINE
  5
21F
330
17
100
AcDbEntity
  8
表格
  6
Continuous
370
18
100
AcDbLine
 10
44.0
 20
58.40000000000003
 30
0.0
 11
159.0
 21
58.40000000000003
 31
0.0
  0
LINE
  5
220
330
17
100
AcDbEntity
  8
表格
  6
Continuous
370
18
100
AcDbLine
 10
159.0
 20
58.40000000000003
 30
0.0
 11
159.0
 21
64.00000000000003
 31
0.0
  0
LINE
  5
221
330
17
100
AcDbEntity
  8
表格
  6
Continuous
370
18
100
AcDbLine
 10
159.0
 20
64.00000000000003
 30
0.0
 11
44.0
 21
64.00000000000003
 31
0.0
  0
LINE
  5
222
330
17
100
AcDbEntity
  8
表格
  6
Continuous
370
18
100
AcDbLine
 10
44.0
 20
64.00000000000003
 30
0.0
 11
44.0
 21
58.40000000000003
 31
0.0
  0
TEXT
  5
223
330
17
100
AcDbEntity
  8
表格
100
AcDbText
 10
45.0
 20
61.20000000000003
 30
0.0
 40
1.65
  1
Impulse pipe DN15 Ø21.3×2.77
  7
CN
 11
45.0
 21
61.20000000000003
 31
0.0
100
AcDbText
 73
2
  0
LINE
  5
224
330
17
100
AcDbEntity
  8
表格
  6
Continuous
370
18
100
AcDbLine
 10
159.0
 20
58.40000000000003
 30
0.0
 11
199.0
 21
58.40000000000003
 31
0.0
  0
LINE
  5
225
330
17
100
AcDbEntity
  8
表格
  6
Continuous
370
18
100
AcDbLine
 10
199.0
 20
58.40000000000003
 30
0.0
 11
199.0
 21
64.00000000000003
 31
0.0
  0
LINE
  5
226
330
17
100
AcDbEntity
  8
表格
  6
Continuous
370
18
100
AcDbLine
 10
199.0
 20
64.00000000000003
 30
0.0
 11
159.0
 21
64.00000000000003
 31
0.0
  0
LINE
  5
227
330
17
100
AcDbEntity
  8
表格
  6
Continuous
370
18
100
AcDbLine
 10
159.0
 20
64.00000000000003
 30
0.0
 11
159.0
 21
58.40000000000003
 31
0.0
  0
TEXT
  5
228
330
17
100
AcDbEntity
  8
表格
100
AcDbText
 10
160.0
 20
61.20000000000003
 30
0.0
 40
1.65
  1
F304/F304L
  7
CN
 11
160.0
 21
61.20000000000003
 31
0.0
100
AcDbText
 73
2
  0
LINE
  5
229
330
17
100
AcDbEntity
  8
表格
  6
Continuous
370
18
100
AcDbLine
 10
199.0
 20
58.40000000000003
 30
0.0
 11
231.0
 21
58.40000000000003
 31
0.0
  0
LINE
  5
22A
330
17
100
AcDbEntity
  8
表格
  6
Continuous
370
18
100
AcDbLine
 10
231.0
 20
58.40000000000003
 30
0.0
 11
231.0
 21
64.00000000000003
 31
0.0
  0
LINE
  5
22B
330
17
100
AcDbEntity
  8
表格
  6
Continuous
370
18
100
AcDbLine
 10
231.0
 20
64.00000000000003
 30
0.0
 11
199.0
 21
64.00000000000003
 31
0.0
  0
LINE
  5
22C
330
17
100
AcDbEntity
  8
表格
  6
Continuous
370
18
100
AcDbLine
 10
199.0
 20
64.00000000000003
 30
0.0
 11
199.0
 21
58.40000000000003
 31
0.0
  0
TEXT
  5
22D
330
17
100
AcDbEntity
  8
表格
100
AcDbText
 10
200.0
 20
61.20000000000003
 30
0.0
 40
1.65
  1
downstream
  7
CN
 11
200.0
 21
61.20000000000003
 31
0.0
100
AcDbText
 73
2
  0
LINE
  5
22E
330
17
100
AcDbEntity
  8
表格
  6
Continuous
370
18
100
AcDbLine
 10
12.0
 20
52.800000000000026
 30
0.0
 11
30.0
 21
52.800000000000026
 31
0.0
  0
LINE
  5
22F
330
17
100
AcDbEntity
  8
表格
  6
Continuous
370
18
100
AcDbLine
 10
30.0
 20
52.800000000000026
 30
0.0
 11
30.0
 21
58.40000000000003
 31
0.0
  0
LINE
  5
230
330
17
100
AcDbEntity
  8
表格
  6
Continuous
370
18
100
AcDbLine
 10
30.0
 20
58.40000000000003
 30
0.0
 11
12.0
 21
58.40000000000003
 31
0.0
  0
LINE
  5
231
330
17
100
AcDbEntity
  8
表格
  6
Continuous
370
18
100
AcDbLine
 10
12.0
 20
58.40000000000003
 30
0.0
 11
12.0
 21
52.800000000000026
 31
0.0
  0
TEXT
  5
232
330
17
100
AcDbEntity
  8
表格
100
AcDbText
 10
13.0
 20
55.60000000000003
 30
0.0
 40
1.65
  1
6
  7
CN
 11
13.0
 21
55.60000000000003
 31
0.0
100
AcDbText
 73
2
  0
LINE
  5
233
330
17
100
AcDbEntity
  8
表格
  6
Continuous
370
18
100
AcDbLine
 10
30.0
 20
52.800000000000026
 30
0.0
 11
44.0
 21
52.800000000000026
 31
0.0
  0
LINE
  5
234
330
17
100
AcDbEntity
  8
表格
  6
Continuous
370
18
100
AcDbLine
 10
44.0
 20
52.800000000000026
 30
0.0
 11
44.0
 21
58.40000000000003
 31
0.0
  0
LINE
  5
235
330
17
100
AcDbEntity
  8
表格
  6
Continuous
370
18
100
AcDbLine
 10
44.0
 20
58.40000000000003
 30
0.0
 11
30.0
 21
58.40000000000003
 31
0.0
  0
LINE
  5
236
330
17
100
AcDbEntity
  8
表格
  6
Continuous
370
18
100
AcDbLine
 10
30.0
 20
58.40000000000003
 30
0.0
 11
30.0
 21
52.800000000000026
 31
0.0
  0
TEXT
  5
237
330
17
100
AcDbEntity
  8
表格
100
AcDbText
 10
31.0
 20
55.60000000000003
 30
0.0
 40
1.65
  1
12
  7
CN
 11
31.0
 21
55.60000000000003
 31
0.0
100
AcDbText
 73
2
  0
LINE
  5
238
330
17
100
AcDbEntity
  8
表格
  6
Continuous
370
18
100
AcDbLine
 10
44.0
 20
52.800000000000026
 30
0.0
 11
159.0
 21
52.800000000000026
 31
0.0
  0
LINE
  5
239
330
17
100
AcDbEntity
  8
表格
  6
Continuous
370
18
100
AcDbLine
 10
159.0
 20
52.800000000000026
 30
0.0
 11
159.0
 21
58.40000000000003
 31
0.0
  0
LINE
  5
23A
330
17
100
AcDbEntity
  8
表格
  6
Continuous
370
18
100
AcDbLine
 10
159.0
 20
58.40000000000003
 30
0.0
 11
44.0
 21
58.40000000000003
 31
0.0
  0
LINE
  5
23B
330
17
100
AcDbEntity
  8
表格
  6
Continuous
370
18
100
AcDbLine
 10
44.0
 20
58.40000000000003
 30
0.0
 11
44.0
 21
52.800000000000026
 31
0.0
  0
TEXT
  5
23C
330
17
100
AcDbEntity
  8
表格
100
AcDbText
 10
45.0
 20
55.60000000000003
 30
0.0
 40
1.65
  1
Stud M27 + nuts
  7
CN
 11
45.0
 21
55.60000000000003
 31
0.0
100
AcDbText
 73
2
  0
LINE
  5
23D
330
17
100
AcDbEntity
  8
表格
  6
Continuous
370
18
100
AcDbLine
 10
159.0
 20
52.800000000000026
 30
0.0
 11
199.0
 21
52.800000000000026
 31
0.0
  0
LINE
  5
23E
330
17
100
AcDbEntity
  8
表格
  6
Continuous
370
18
100
AcDbLine
 10
199.0
 20
52.800000000000026
 30
0.0
 11
199.0
 21
58.40000000000003
 31
0.0
  0
LINE
  5
23F
330
17
100
AcDbEntity
  8
表格
  6
Continuous
370
18
100
AcDbLine
 10
199.0
 20
58.40000000000003
 30
0.0
 11
159.0
 21
58.40000000000003
 31
0.0
  0
LINE
  5
240
330
17
100
AcDbEntity
  8
表格
  6
Continuous
370
18
100
AcDbLine
 10
159.0
 20
58.40000000000003
 30
0.0
 11
159.0
 21
52.800000000000026
 31
0.0
  0
TEXT
  5
241
330
17
100
AcDbEntity
  8
表格
100
AcDbText
 10
160.0
 20
55.60000000000003
 30
0.0
 40
1.65
  1
B8M/B8M
  7
CN
 11
160.0
 21
55.60000000000003
 31
0.0
100
AcDbText
 73
2
  0
LINE
  5
242
330
17
100
AcDbEntity
  8
表格
  6
Continuous
370
18
100
AcDbLine
 10
199.0
 20
52.800000000000026
 30
0.0
 11
231.0
 21
52.800000000000026
 31
0.0
  0
LINE
  5
243
330
17
100
AcDbEntity
  8
表格
  6
Continuous
370
18
100
AcDbLine
 10
231.0
 20
52.800000000000026
 30
0.0
 11
231.0
 21
58.40000000000003
 31
0.0
  0
LINE
  5
244
330
17
100
AcDbEntity
  8
表格
  6
Continuous
370
18
100
AcDbLine
 10
231.0
 20
58.40000000000003
 30
0.0
 11
199.0
 21
58.40000000000003
 31
0.0
  0
LINE
  5
245
330
17
100
AcDbEntity
  8
表格
  6
Continuous
370
18
100
AcDbLine
 10
199.0
 20
58.40000000000003
 30
0.0
 11
199.0
 21
52.800000000000026
 31
0.0
  0
TEXT
  5
246
330
17
100
AcDbEntity
  8
表格
100
AcDbText
 10
200.0
 20
55.60000000000003
 30
0.0
 40
1.65
  1
w/ washers
  7
CN
 11
200.0
 21
55.60000000000003
 31
0.0
100
AcDbText
 73
2
  0
LINE
  5
247
330
17
100
AcDbEntity
  8
表格
  6
Continuous
370
18
100
AcDbLine
 10
12.0
 20
47.200000000000024
 30
0.0
 11
30.0
 21
47.200000000000024
 31
0.0
  0
LINE
  5
248
330
17
100
AcDbEntity
  8
表格
  6
Continuous
370
18
100
AcDbLine
 10
30.0
 20
47.200000000000024
 30
0.0
 11
30.0
 21
52.800000000000026
 31
0.0
  0
LINE
  5
249
330
17
100
AcDbEntity
  8
表格
  6
Continuous
370
18
100
AcDbLine
 10
30.0
 20
52.800000000000026
 30
0.0
 11
12.0
 21
52.800000000000026
 31
0.0
  0
LINE
  5
24A
330
17
100
AcDbEntity
  8
表格
  6
Continuous
370
18
100
AcDbLine
 10
12.0
 20
52.800000000000026
 30
0.0
 11
12.0
 21
47.200000000000024
 31
0.0
  0
TEXT
  5
24B
330
17
100
AcDbEntity
  8
表格
100
AcDbText
 10
13.0
 20
50.00000000000003
 30
0.0
 40
1.65
  1
7
  7
CN
 11
13.0
 21
50.00000000000003
 31
0.0
100
AcDbText
 73
2
  0
LINE
  5
24C
330
17
100
AcDbEntity
  8
表格
  6
Continuous
370
18
100
AcDbLine
 10
30.0
 20
47.200000000000024
 30
0.0
 11
44.0
 21
47.200000000000024
 31
0.0
  0
LINE
  5
24D
330
17
100
AcDbEntity
  8
表格
  6
Continuous
370
18
100
AcDbLine
 10
44.0
 20
47.200000000000024
 30
0.0
 11
44.0
 21
52.800000000000026
 31
0.0
  0
LINE
  5
24E
330
17
100
AcDbEntity
  8
表格
  6
Continuous
370
18
100
AcDbLine
 10
44.0
 20
52.800000000000026
 30
0.0
 11
30.0
 21
52.800000000000026
 31
0.0
  0
LINE
  5
24F
330
17
100
AcDbEntity
  8
表格
  6
Continuous
370
18
100
AcDbLine
 10
30.0
 20
52.800000000000026
 30
0.0
 11
30.0
 21
47.200000000000024
 31
0.0
  0
TEXT
  5
250
330
17
100
AcDbEntity
  8
表格
100
AcDbText
 10
31.0
 20
50.00000000000003
 30
0.0
 40
1.65
  1
2
  7
CN
 11
31.0
 21
50.00000000000003
 31
0.0
100
AcDbText
 73
2
  0
LINE
  5
251
330
17
100
AcDbEntity
  8
表格
  6
Continuous
370
18
100
AcDbLine
 10
44.0
 20
47.200000000000024
 30
0.0
 11
159.0
 21
47.200000000000024
 31
0.0
  0
LINE
  5
252
330
17
100
AcDbEntity
  8
表格
  6
Continuous
370
18
100
AcDbLine
 10
159.0
 20
47.200000000000024
 30
0.0
 11
159.0
 21
52.800000000000026
 31
0.0
  0
LINE
  5
253
330
17
100
AcDbEntity
  8
表格
  6
Continuous
370
18
100
AcDbLine
 10
159.0
 20
52.800000000000026
 30
0.0
 11
44.0
 21
52.800000000000026
 31
0.0
  0
LINE
  5
254
330
17
100
AcDbEntity
  8
表格
  6
Continuous
370
18
100
AcDbLine
 10
44.0
 20
52.800000000000026
 30
0.0
 11
44.0
 21
47.200000000000024
 31
0.0
  0
TEXT
  5
255
330
17
100
AcDbEntity
  8
表格
100
AcDbText
 10
45.0
 20
50.00000000000003
 30
0.0
 40
1.65
  1
Spiral wound gasket DN250 PN
  7
CN
 11
45.0
 21
50.00000000000003
 31
0.0
100
AcDbText
 73
2
  0
LINE
  5
256
330
17
100
AcDbEntity
  8
表格
  6
Continuous
370
18
100
AcDbLine
 10
159.0
 20
47.200000000000024
 30
0.0
 11
199.0
 21
47.200000000000024
 31
0.0
  0
LINE
  5
257
330
17
100
AcDbEntity
  8
表格
  6
Continuous
370
18
100
AcDbLine
 10
199.0
 20
47.200000000000024
 30
0.0
 11
199.0
 21
52.800000000000026
 31
0.0
  0
LINE
  5
258
330
17
100
AcDbEntity
  8
表格
  6
Continuous
370
18
100
AcDbLine
 10
199.0
 20
52.800000000000026
 30
0.0
 11
159.0
 21
52.800000000000026
 31
0.0
  0
LINE
  5
259
330
17
100
AcDbEntity
  8
表格
  6
Continuous
370
18
100
AcDbLine
 10
159.0
 20
52.800000000000026
 30
0.0
 11
159.0
 21
47.200000000000024
 31
0.0
  0
TEXT
  5
25A
330
17
100
AcDbEntity
  8
表格
100
AcDbText
 10
160.0
 20
50.00000000000003
 30
0.0
 40
1.65
  1
304+Graphite
  7
CN
 11
160.0
 21
50.00000000000003
 31
0.0
100
AcDbText
 73
2
  0
LINE
  5
25B
330
17
100
AcDbEntity
  8
表格
  6
Continuous
370
18
100
AcDbLine
 10
199.0
 20
47.200000000000024
 30
0.0
 11
231.0
 21
47.200000000000024
 31
0.0
  0
LINE
  5
25C
330
17
100
AcDbEntity
  8
表格
  6
Continuous
370
18
100
AcDbLine
 10
231.0
 20
47.200000000000024
 30
0.0
 11
231.0
 21
52.800000000000026
 31
0.0
  0
LINE
  5
25D
330
17
100
AcDbEntity
  8
表格
  6
Continuous
370
18
100
AcDbLine
 10
231.0
 20
52.800000000000026
 30
0.0
 11
199.0
 21
52.800000000000026
 31
0.0
  0
LINE
  5
25E
330
17
100
AcDbEntity
  8
表格
  6
Continuous
370
18
100
AcDbLine
 10
199.0
 20
52.800000000000026
 30
0.0
 11
199.0
 21
47.200000000000024
 31
0.0
  0
TEXT
  5
25F
330
17
100
AcDbEntity
  8
表格
100
AcDbText
 10
200.0
 20
50.00000000000003
 30
0.0
 40
1.65
  1
cryogenic
  7
CN
 11
200.0
 21
50.00000000000003
 31
0.0
100
AcDbText
 73
2
  0
LINE
  5
260
330
17
100
AcDbEntity
  8
表格
  6
Continuous
370
18
100
AcDbLine
 10
12.0
 20
41.60000000000002
 30
0.0
 11
30.0
 21
41.60000000000002
 31
0.0
  0
LINE
  5
261
330
17
100
AcDbEntity
  8
表格
  6
Continuous
370
18
100
AcDbLine
 10
30.0
 20
41.60000000000002
 30
0.0
 11
30.0
 21
47.200000000000024
 31
0.0
  0
LINE
  5
262
330
17
100
AcDbEntity
  8
表格
  6
Continuous
370
18
100
AcDbLine
 10
30.0
 20
47.200000000000024
 30
0.0
 11
12.0
 21
47.200000000000024
 31
0.0
  0
LINE
  5
263
330
17
100
AcDbEntity
  8
表格
  6
Continuous
370
18
100
AcDbLine
 10
12.0
 20
47.200000000000024
 30
0.0
 11
12.0
 21
41.60000000000002
 31
0.0
  0
TEXT
  5
264
330
17
100
AcDbEntity
  8
表格
100
AcDbText
 10
13.0
 20
44.40000000000003
 30
0.0
 40
1.65
  1
8
  7
CN
 11
13.0
 21
44.40000000000003
 31
0.0
100
AcDbText
 73
2
  0
LINE
  5
265
330
17
100
AcDbEntity
  8
表格
  6
Continuous
370
18
100
AcDbLine
 10
30.0
 20
41.60000000000002
 30
0.0
 11
44.0
 21
41.60000000000002
 31
0.0
  0
LINE
  5
266
330
17
100
AcDbEntity
  8
表格
  6
Continuous
370
18
100
AcDbLine
 10
44.0
 20
41.60000000000002
 30
0.0
 11
44.0
 21
47.200000000000024
 31
0.0
  0
LINE
  5
267
330
17
100
AcDbEntity
  8
表格
  6
Continuous
370
18
100
AcDbLine
 10
44.0
 20
47.200000000000024
 30
0.0
 11
30.0
 21
47.200000000000024
 31
0.0
  0
LINE
  5
268
330
17
100
AcDbEntity
  8
表格
  6
Continuous
370
18
100
AcDbLine
 10
30.0
 20
47.200000000000024
 30
0.0
 11
30.0
 21
41.60000000000002
 31
0.0
  0
TEXT
  5
269
330
17
100
AcDbEntity
  8
表格
100
AcDbText
 10
31.0
 20
44.40000000000003
 30
0.0
 40
1.65
  1
2
  7
CN
 11
31.0
 21
44.40000000000003
 31
0.0
100
AcDbText
 73
2
  0
LINE
  5
26A
330
17
100
AcDbEntity
  8
表格
  6
Continuous
370
18
100
AcDbLine
 10
44.0
 20
41.60000000000002
 30
0.0
 11
159.0
 21
41.60000000000002
 31
0.0
  0
LINE
  5
26B
330
17
100
AcDbEntity
  8
表格
  6
Continuous
370
18
100
AcDbLine
 10
159.0
 20
41.60000000000002
 30
0.0
 11
159.0
 21
47.200000000000024
 31
0.0
  0
LINE
  5
26C
330
17
100
AcDbEntity
  8
表格
  6
Continuous
370
18
100
AcDbLine
 10
159.0
 20
47.200000000000024
 30
0.0
 11
44.0
 21
47.200000000000024
 31
0.0
  0
LINE
  5
26D
330
17
100
AcDbEntity
  8
表格
  6
Continuous
370
18
100
AcDbLine
 10
44.0
 20
47.200000000000024
 30
0.0
 11
44.0
 21
41.60000000000002
 31
0.0
  0
TEXT
  5
26E
330
17
100
AcDbEntity
  8
表格
100
AcDbText
 10
45.0
 20
44.40000000000003
 30
0.0
 40
1.65
  1
Pipe stub Ø273.0×4.0 L=150.0
  7
CN
 11
45.0
 21
44.40000000000003
 31
0.0
100
AcDbText
 73
2
  0
LINE
  5
26F
330
17
100
AcDbEntity
  8
表格
  6
Continuous
370
18
100
AcDbLine
 10
159.0
 20
41.60000000000002
 30
0.0
 11
199.0
 21
41.60000000000002
 31
0.0
  0
LINE
  5
270
330
17
100
AcDbEntity
  8
表格
  6
Continuous
370
18
100
AcDbLine
 10
199.0
 20
41.60000000000002
 30
0.0
 11
199.0
 21
47.200000000000024
 31
0.0
  0
LINE
  5
271
330
17
100
AcDbEntity
  8
表格
  6
Continuous
370
18
100
AcDbLine
 10
199.0
 20
47.200000000000024
 30
0.0
 11
159.0
 21
47.200000000000024
 31
0.0
  0
LINE
  5
272
330
17
100
AcDbEntity
  8
表格
  6
Continuous
370
18
100
AcDbLine
 10
159.0
 20
47.200000000000024
 30
0.0
 11
159.0
 21
41.60000000000002
 31
0.0
  0
TEXT
  5
273
330
17
100
AcDbEntity
  8
表格
100
AcDbText
 10
160.0
 20
44.40000000000003
 30
0.0
 40
1.65
  1
F304/F304L
  7
CN
 11
160.0
 21
44.40000000000003
 31
0.0
100
AcDbText
 73
2
  0
LINE
  5
274
330
17
100
AcDbEntity
  8
表格
  6
Continuous
370
18
100
AcDbLine
 10
199.0
 20
41.60000000000002
 30
0.0
 11
231.0
 21
41.60000000000002
 31
0.0
  0
LINE
  5
275
330
17
100
AcDbEntity
  8
表格
  6
Continuous
370
18
100
AcDbLine
 10
231.0
 20
41.60000000000002
 30
0.0
 11
231.0
 21
47.200000000000024
 31
0.0
  0
LINE
  5
276
330
17
100
AcDbEntity
  8
表格
  6
Continuous
370
18
100
AcDbLine
 10
231.0
 20
47.200000000000024
 30
0.0
 11
199.0
 21
47.200000000000024
 31
0.0
  0
LINE
  5
277
330
17
100
AcDbEntity
  8
表格
  6
Continuous
370
18
100
AcDbLine
 10
199.0
 20
47.200000000000024
 30
0.0
 11
199.0
 21
41.60000000000002
 31
0.0
  0
TEXT
  5
278
330
17
100
AcDbEntity
  8
表格
100
AcDbText
 10
200.0
 20
44.40000000000003
 30
0.0
 40
1.65
  1
BW
  7
CN
 11
200.0
 21
44.40000000000003
 31
0.0
100
AcDbText
 73
2
  0
TEXT
  5
279
330
17
100
AcDbEntity
  8
文字
100
AcDbText
 10
250.0
 20
121.5
 30
0.0
 40
2.6
  1
Design / Test
  7
CN
 11
250.0
 21
121.5
 31
0.0
100
AcDbText
  0
LINE
  5
27A
330
17
100
AcDbEntity
  8
表格
  6
Continuous
370
18
100
AcDbLine
 10
250.0
 20
112.6
 30
0.0
 11
290.0
 21
112.6
 31
0.0
  0
LINE
  5
27B
330
17
100
AcDbEntity
  8
表格
  6
Continuous
370
18
100
AcDbLine
 10
290.0
 20
112.6
 30
0.0
 11
290.0
 21
118.0
 31
0.0
  0
LINE
  5
27C
330
17
100
AcDbEntity
  8
表格
  6
Continuous
370
18
100
AcDbLine
 10
290.0
 20
118.0
 30
0.0
 11
250.0
 21
118.0
 31
0.0
  0
LINE
  5
27D
330
17
100
AcDbEntity
  8
表格
  6
Continuous
370
18
100
AcDbLine
 10
250.0
 20
118.0
 30
0.0
 11
250.0
 21
112.6
 31
0.0
  0
TEXT
  5
27E
330
17
100
AcDbEntity
  8
表格
100
AcDbText
 10
251.0
 20
115.3
 30
0.0
 40
1.8499999999999999
  1
Design Data
  7
CN
 11
251.0
 21
115.3
 31
0.0
100
AcDbText
 73
2
  0
LINE
  5
27F
330
17
100
AcDbEntity
  8
表格
  6
Continuous
370
18
100
AcDbLine
 10
290.0
 20
112.6
 30
0.0
 11
385.0
 21
112.6
 31
0.0
  0
LINE
  5
280
330
17
100
AcDbEntity
  8
表格
  6
Continuous
370
18
100
AcDbLine
 10
385.0
 20
112.6
 30
0.0
 11
385.0
 21
118.0
 31
0.0
  0
LINE
  5
281
330
17
100
AcDbEntity
  8
表格
  6
Continuous
370
18
100
AcDbLine
 10
385.0
 20
118.0
 30
0.0
 11
290.0
 21
118.0
 31
0.0
  0
LINE
  5
282
330
17
100
AcDbEntity
  8
表格
  6
Continuous
370
18
100
AcDbLine
 10
290.0
 20
118.0
 30
0.0
 11
290.0
 21
112.6
 31
0.0
  0
TEXT
  5
283
330
17
100
AcDbEntity
  8
表格
100
AcDbText
 10
291.0
 20
115.3
 30
0.0
 40
1.8499999999999999
  1

  7
CN
 11
291.0
 21
115.3
 31
0.0
100
AcDbText
 73
2
  0
LINE
  5
284
330
17
100
AcDbEntity
  8
表格
  6
Continuous
370
18
100
AcDbLine
 10
250.0
 20
107.19999999999999
 30
0.0
 11
290.0
 21
107.19999999999999
 31
0.0
  0
LINE
  5
285
330
17
100
AcDbEntity
  8
表格
  6
Continuous
370
18
100
AcDbLine
 10
290.0
 20
107.19999999999999
 30
0.0
 11
290.0
 21
112.6
 31
0.0
  0
LINE
  5
286
330
17
100
AcDbEntity
  8
表格
  6
Continuous
370
18
100
AcDbLine
 10
290.0
 20
112.6
 30
0.0
 11
250.0
 21
112.6
 31
0.0
  0
LINE
  5
287
330
17
100
AcDbEntity
  8
表格
  6
Continuous
370
18
100
AcDbLine
 10
250.0
 20
112.6
 30
0.0
 11
250.0
 21
107.19999999999999
 31
0.0
  0
TEXT
  5
288
330
17
100
AcDbEntity
  8
表格
100
AcDbText
 10
251.0
 20
109.89999999999999
 30
0.0
 40
1.65
  1
Code
  7
CN
 11
251.0
 21
109.89999999999999
 31
0.0
100
AcDbText
 73
2
  0
LINE
  5
289
330
17
100
AcDbEntity
  8
表格
  6
Continuous
370
18
100
AcDbLine
 10
290.0
 20
107.19999999999999
 30
0.0
 11
385.0
 21
107.19999999999999
 31
0.0
  0
LINE
  5
28A
330
17
100
AcDbEntity
  8
表格
  6
Continuous
370
18
100
AcDbLine
 10
385.0
 20
107.19999999999999
 30
0.0
 11
385.0
 21
112.6
 31
0.0
  0
LINE
  5
28B
330
17
100
AcDbEntity
  8
表格
  6
Continuous
370
18
100
AcDbLine
 10
385.0
 20
112.6
 30
0.0
 11
290.0
 21
112.6
 31
0.0
  0
LINE
  5
28C
330
17
100
AcDbEntity
  8
表格
  6
Continuous
370
18
100
AcDbLine
 10
290.0
 20
112.6
 30
0.0
 11
290.0
 21
107.19999999999999
 31
0.0
  0
TEXT
  5
28D
330
17
100
AcDbEntity
  8
表格
100
AcDbText
 10
291.0
 20
109.89999999999999
 30
0.0
 40
1.65
  1
GB/T2624.2 / ISO5167-2
  7
CN
 11
291.0
 21
109.89999999999999
 31
0.0
100
AcDbText
 73
2
  0
LINE
  5
28E
330
17
100
AcDbEntity
  8
表格
  6
Continuous
370
18
100
AcDbLine
 10
250.0
 20
101.79999999999998
 30
0.0
 11
290.0
 21
101.79999999999998
 31
0.0
  0
LINE
  5
28F
330
17
100
AcDbEntity
  8
表格
  6
Continuous
370
18
100
AcDbLine
 10
290.0
 20
101.79999999999998
 30
0.0
 11
290.0
 21
107.19999999999999
 31
0.0
  0
LINE
  5
290
330
17
100
AcDbEntity
  8
表格
  6
Continuous
370
18
100
AcDbLine
 10
290.0
 20
107.19999999999999
 30
0.0
 11
250.0
 21
107.19999999999999
 31
0.0
  0
LINE
  5
291
330
17
100
AcDbEntity
  8
表格
  6
Continuous
370
18
100
AcDbLine
 10
250.0
 20
107.19999999999999
 30
0.0
 11
250.0
 21
101.79999999999998
 31
0.0
  0
TEXT
  5
292
330
17
100
AcDbEntity
  8
表格
100
AcDbText
 10
251.0
 20
104.49999999999999
 30
0.0
 40
1.65
  1
Flange
  7
CN
 11
251.0
 21
104.49999999999999
 31
0.0
100
AcDbText
 73
2
  0
LINE
  5
293
330
17
100
AcDbEntity
  8
表格
  6
Continuous
370
18
100
AcDbLine
 10
290.0
 20
101.79999999999998
 30
0.0
 11
385.0
 21
101.79999999999998
 31
0.0
  0
LINE
  5
294
330
17
100
AcDbEntity
  8
表格
  6
Continuous
370
18
100
AcDbLine
 10
385.0
 20
101.79999999999998
 30
0.0
 11
385.0
 21
107.19999999999999
 31
0.0
  0
LINE
  5
295
330
17
100
AcDbEntity
  8
表格
  6
Continuous
370
18
100
AcDbLine
 10
385.0
 20
107.19999999999999
 30
0.0
 11
290.0
 21
107.19999999999999
 31
0.0
  0
LINE
  5
296
330
17
100
AcDbEntity
  8
表格
  6
Continuous
370
18
100
AcDbLine
 10
290.0
 20
107.19999999999999
 30
0.0
 11
290.0
 21
101.79999999999998
 31
0.0
  0
TEXT
  5
297
330
17
100
AcDbEntity
  8
表格
100
AcDbText
 10
291.0
 20
104.49999999999999
 30
0.0
 40
1.65
  1
HG/T20592 PN25 RF WN
  7
CN
 11
291.0
 21
104.49999999999999
 31
0.0
100
AcDbText
 73
2
  0
LINE
  5
298
330
17
100
AcDbEntity
  8
表格
  6
Continuous
370
18
100
AcDbLine
 10
250.0
 20
96.39999999999998
 30
0.0
 11
290.0
 21
96.39999999999998
 31
0.0
  0
LINE
  5
299
330
17
100
AcDbEntity
  8
表格
  6
Continuous
370
18
100
AcDbLine
 10
290.0
 20
96.39999999999998
 30
0.0
 11
290.0
 21
101.79999999999998
 31
0.0
  0
LINE
  5
29A
330
17
100
AcDbEntity
  8
表格
  6
Continuous
370
18
100
AcDbLine
 10
290.0
 20
101.79999999999998
 30
0.0
 11
250.0
 21
101.79999999999998
 31
0.0
  0
LINE
  5
29B
330
17
100
AcDbEntity
  8
表格
  6
Continuous
370
18
100
AcDbLine
 10
250.0
 20
101.79999999999998
 30
0.0
 11
250.0
 21
96.39999999999998
 31
0.0
  0
TEXT
  5
29C
330
17
100
AcDbEntity
  8
表格
100
AcDbText
 10
251.0
 20
99.09999999999998
 30
0.0
 40
1.65
  1
Service
  7
CN
 11
251.0
 21
99.09999999999998
 31
0.0
100
AcDbText
 73
2
  0
LINE
  5
29D
330
17
100
AcDbEntity
  8
表格
  6
Continuous
370
18
100
AcDbLine
 10
290.0
 20
96.39999999999998
 30
0.0
 11
385.0
 21
96.39999999999998
 31
0.0
  0
LINE
  5
29E
330
17
100
AcDbEntity
  8
表格
  6
Continuous
370
18
100
AcDbLine
 10
385.0
 20
96.39999999999998
 30
0.0
 11
385.0
 21
101.79999999999998
 31
0.0
  0
LINE
  5
29F
330
17
100
AcDbEntity
  8
表格
  6
Continuous
370
18
100
AcDbLine
 10
385.0
 20
101.79999999999998
 30
0.0
 11
290.0
 21
101.79999999999998
 31
0.0
  0
LINE
  5
2A0
330
17
100
AcDbEntity
  8
表格
  6
Continuous
370
18
100
AcDbLine
 10
290.0
 20
101.79999999999998
 30
0.0
 11
290.0
 21
96.39999999999998
 31
0.0
  0
TEXT
  5
2A1
330
17
100
AcDbEntity
  8
表格
100
AcDbText
 10
291.0
 20
99.09999999999998
 30
0.0
 40
1.65
  1
LNG  -162.0C  600.0kPaG
  7
CN
 11
291.0
 21
99.09999999999998
 31
0.0
100
AcDbText
 73
2
  0
LINE
  5
2A2
330
17
100
AcDbEntity
  8
表格
  6
Continuous
370
18
100
AcDbLine
 10
250.0
 20
90.99999999999997
 30
0.0
 11
290.0
 21
90.99999999999997
 31
0.0
  0
LINE
  5
2A3
330
17
100
AcDbEntity
  8
表格
  6
Continuous
370
18
100
AcDbLine
 10
290.0
 20
90.99999999999997
 30
0.0
 11
290.0
 21
96.39999999999998
 31
0.0
  0
LINE
  5
2A4
330
17
100
AcDbEntity
  8
表格
  6
Continuous
370
18
100
AcDbLine
 10
290.0
 20
96.39999999999998
 30
0.0
 11
250.0
 21
96.39999999999998
 31
0.0
  0
LINE
  5
2A5
330
17
100
AcDbEntity
  8
表格
  6
Continuous
370
18
100
AcDbLine
 10
250.0
 20
96.39999999999998
 30
0.0
 11
250.0
 21
90.99999999999997
 31
0.0
  0
TEXT
  5
2A6
330
17
100
AcDbEntity
  8
表格
100
AcDbText
 10
251.0
 20
93.69999999999997
 30
0.0
 40
1.65
  1
Beta / Fa
  7
CN
 11
251.0
 21
93.69999999999997
 31
0.0
100
AcDbText
 73
2
  0
LINE
  5
2A7
330
17
100
AcDbEntity
  8
表格
  6
Continuous
370
18
100
AcDbLine
 10
290.0
 20
90.99999999999997
 30
0.0
 11
385.0
 21
90.99999999999997
 31
0.0
  0
LINE
  5
2A8
330
17
100
AcDbEntity
  8
表格
  6
Continuous
370
18
100
AcDbLine
 10
385.0
 20
90.99999999999997
 30
0.0
 11
385.0
 21
96.39999999999998
 31
0.0
  0
LINE
  5
2A9
330
17
100
AcDbEntity
  8
表格
  6
Continuous
370
18
100
AcDbLine
 10
385.0
 20
96.39999999999998
 30
0.0
 11
290.0
 21
96.39999999999998
 31
0.0
  0
LINE
  5
2AA
330
17
100
AcDbEntity
  8
表格
  6
Continuous
370
18
100
AcDbLine
 10
290.0
 20
96.39999999999998
 30
0.0
 11
290.0
 21
90.99999999999997
 31
0.0
  0
TEXT
  5
2AB
330
17
100
AcDbEntity
  8
表格
100
AcDbText
 10
291.0
 20
93.69999999999997
 30
0.0
 40
1.65
  1
0.5139 / 0.9938
  7
CN
 11
291.0
 21
93.69999999999997
 31
0.0
100
AcDbText
 73
2
  0
LINE
  5
2AC
330
17
100
AcDbEntity
  8
表格
  6
Continuous
370
18
100
AcDbLine
 10
250.0
 20
85.59999999999997
 30
0.0
 11
290.0
 21
85.59999999999997
 31
0.0
  0
LINE
  5
2AD
330
17
100
AcDbEntity
  8
表格
  6
Continuous
370
18
100
AcDbLine
 10
290.0
 20
85.59999999999997
 30
0.0
 11
290.0
 21
90.99999999999997
 31
0.0
  0
LINE
  5
2AE
330
17
100
AcDbEntity
  8
表格
  6
Continuous
370
18
100
AcDbLine
 10
290.0
 20
90.99999999999997
 30
0.0
 11
250.0
 21
90.99999999999997
 31
0.0
  0
LINE
  5
2AF
330
17
100
AcDbEntity
  8
表格
  6
Continuous
370
18
100
AcDbLine
 10
250.0
 20
90.99999999999997
 30
0.0
 11
250.0
 21
85.59999999999997
 31
0.0
  0
TEXT
  5
2B0
330
17
100
AcDbEntity
  8
表格
100
AcDbText
 10
251.0
 20
88.29999999999997
 30
0.0
 40
1.65
  1
Tap type
  7
CN
 11
251.0
 21
88.29999999999997
 31
0.0
100
AcDbText
 73
2
  0
LINE
  5
2B1
330
17
100
AcDbEntity
  8
表格
  6
Continuous
370
18
100
AcDbLine
 10
290.0
 20
85.59999999999997
 30
0.0
 11
385.0
 21
85.59999999999997
 31
0.0
  0
LINE
  5
2B2
330
17
100
AcDbEntity
  8
表格
  6
Continuous
370
18
100
AcDbLine
 10
385.0
 20
85.59999999999997
 30
0.0
 11
385.0
 21
90.99999999999997
 31
0.0
  0
LINE
  5
2B3
330
17
100
AcDbEntity
  8
表格
  6
Continuous
370
18
100
AcDbLine
 10
385.0
 20
90.99999999999997
 30
0.0
 11
290.0
 21
90.99999999999997
 31
0.0
  0
LINE
  5
2B4
330
17
100
AcDbEntity
  8
表格
  6
Continuous
370
18
100
AcDbLine
 10
290.0
 20
90.99999999999997
 30
0.0
 11
290.0
 21
85.59999999999997
 31
0.0
  0
TEXT
  5
2B5
330
17
100
AcDbEntity
  8
表格
100
AcDbText
 10
291.0
 20
88.29999999999997
 30
0.0
 40
1.65
  1
Flange 25.4+/-0.8
  7
CN
 11
291.0
 21
88.29999999999997
 31
0.0
100
AcDbText
 73
2
  0
LINE
  5
2B6
330
17
100
AcDbEntity
  8
表格
  6
Continuous
370
18
100
AcDbLine
 10
250.0
 20
80.19999999999996
 30
0.0
 11
290.0
 21
80.19999999999996
 31
0.0
  0
LINE
  5
2B7
330
17
100
AcDbEntity
  8
表格
  6
Continuous
370
18
100
AcDbLine
 10
290.0
 20
80.19999999999996
 30
0.0
 11
290.0
 21
85.59999999999997
 31
0.0
  0
LINE
  5
2B8
330
17
100
AcDbEntity
  8
表格
  6
Continuous
370
18
100
AcDbLine
 10
290.0
 20
85.59999999999997
 30
0.0
 11
250.0
 21
85.59999999999997
 31
0.0
  0
LINE
  5
2B9
330
17
100
AcDbEntity
  8
表格
  6
Continuous
370
18
100
AcDbLine
 10
250.0
 20
85.59999999999997
 30
0.0
 11
250.0
 21
80.19999999999996
 31
0.0
  0
TEXT
  5
2BA
330
17
100
AcDbEntity
  8
表格
100
AcDbText
 10
251.0
 20
82.89999999999996
 30
0.0
 40
1.65
  1
NDT
  7
CN
 11
251.0
 21
82.89999999999996
 31
0.0
100
AcDbText
 73
2
  0
LINE
  5
2BB
330
17
100
AcDbEntity
  8
表格
  6
Continuous
370
18
100
AcDbLine
 10
290.0
 20
80.19999999999996
 30
0.0
 11
385.0
 21
80.19999999999996
 31
0.0
  0
LINE
  5
2BC
330
17
100
AcDbEntity
  8
表格
  6
Continuous
370
18
100
AcDbLine
 10
385.0
 20
80.19999999999996
 30
0.0
 11
385.0
 21
85.59999999999997
 31
0.0
  0
LINE
  5
2BD
330
17
100
AcDbEntity
  8
表格
  6
Continuous
370
18
100
AcDbLine
 10
385.0
 20
85.59999999999997
 30
0.0
 11
290.0
 21
85.59999999999997
 31
0.0
  0
LINE
  5
2BE
330
17
100
AcDbEntity
  8
表格
  6
Continuous
370
18
100
AcDbLine
 10
290.0
 20
85.59999999999997
 30
0.0
 11
290.0
 21
80.19999999999996
 31
0.0
  0
TEXT
  5
2BF
330
17
100
AcDbEntity
  8
表格
100
AcDbText
 10
291.0
 20
82.89999999999996
 30
0.0
 40
1.65
  1
PT welds; hydro per piping
  7
CN
 11
291.0
 21
82.89999999999996
 31
0.0
100
AcDbText
 73
2
  0
LINE
  5
2C0
330
17
100
AcDbEntity
  8
图框
  6
Continuous
370
60
100
AcDbLine
 10
470.0
 20
0.0
 30
0.0
 11
890.0
 21
0.0
 31
0.0
  0
LINE
  5
2C1
330
17
100
AcDbEntity
  8
图框
  6
Continuous
370
60
100
AcDbLine
 10
890.0
 20
0.0
 30
0.0
 11
890.0
 21
297.0
 31
0.0
  0
LINE
  5
2C2
330
17
100
AcDbEntity
  8
图框
  6
Continuous
370
60
100
AcDbLine
 10
890.0
 20
297.0
 30
0.0
 11
470.0
 21
297.0
 31
0.0
  0
LINE
  5
2C3
330
17
100
AcDbEntity
  8
图框
  6
Continuous
370
60
100
AcDbLine
 10
470.0
 20
297.0
 30
0.0
 11
470.0
 21
0.0
 31
0.0
  0
LINE
  5
2C4
330
17
100
AcDbEntity
  8
图框
  6
Continuous
370
18
100
AcDbLine
 10
478.0
 20
8.0
 30
0.0
 11
882.0
 21
8.0
 31
0.0
  0
LINE
  5
2C5
330
17
100
AcDbEntity
  8
图框
  6
Continuous
370
18
100
AcDbLine
 10
882.0
 20
8.0
 30
0.0
 11
882.0
 21
289.0
 31
0.0
  0
LINE
  5
2C6
330
17
100
AcDbEntity
  8
图框
  6
Continuous
370
18
100
AcDbLine
 10
882.0
 20
289.0
 30
0.0
 11
478.0
 21
289.0
 31
0.0
  0
LINE
  5
2C7
330
17
100
AcDbEntity
  8
图框
  6
Continuous
370
18
100
AcDbLine
 10
478.0
 20
289.0
 30
0.0
 11
478.0
 21
8.0
 31
0.0
  0
LINE
  5
2C8
330
17
100
AcDbEntity
  8
图框
  6
Continuous
370
60
100
AcDbLine
 10
682.0
 20
8.0
 30
0.0
 11
882.0
 21
8.0
 31
0.0
  0
LINE
  5
2C9
330
17
100
AcDbEntity
  8
图框
  6
Continuous
370
60
100
AcDbLine
 10
882.0
 20
8.0
 30
0.0
 11
882.0
 21
60.0
 31
0.0
  0
LINE
  5
2CA
330
17
100
AcDbEntity
  8
图框
  6
Continuous
370
60
100
AcDbLine
 10
882.0
 20
60.0
 30
0.0
 11
682.0
 21
60.0
 31
0.0
  0
LINE
  5
2CB
330
17
100
AcDbEntity
  8
图框
  6
Continuous
370
60
100
AcDbLine
 10
682.0
 20
60.0
 30
0.0
 11
682.0
 21
8.0
 31
0.0
  0
LINE
  5
2CC
330
17
100
AcDbEntity
  8
图框
  6
Continuous
370
18
100
AcDbLine
 10
682.0
 20
21.0
 30
0.0
 11
882.0
 21
21.0
 31
0.0
  0
LINE
  5
2CD
330
17
100
AcDbEntity
  8
图框
  6
Continuous
370
18
100
AcDbLine
 10
682.0
 20
34.0
 30
0.0
 11
882.0
 21
34.0
 31
0.0
  0
LINE
  5
2CE
330
17
100
AcDbEntity
  8
图框
  6
Continuous
370
18
100
AcDbLine
 10
682.0
 20
47.0
 30
0.0
 11
882.0
 21
47.0
 31
0.0
  0
LINE
  5
2CF
330
17
100
AcDbEntity
  8
图框
  6
Continuous
370
18
100
AcDbLine
 10
737.0
 20
8.0
 30
0.0
 11
737.0
 21
60.0
 31
0.0
  0
LINE
  5
2D0
330
17
100
AcDbEntity
  8
图框
  6
Continuous
370
18
100
AcDbLine
 10
812.0
 20
8.0
 30
0.0
 11
812.0
 21
60.0
 31
0.0
  0
LINE
  5
2D1
330
17
100
AcDbEntity
  8
图框
  6
Continuous
370
18
100
AcDbLine
 10
847.0
 20
8.0
 30
0.0
 11
847.0
 21
60.0
 31
0.0
  0
TEXT
  5
2D2
330
17
100
AcDbEntity
  8
文字
100
AcDbText
 10
709.0
 20
53.5
 30
0.0
 40
2.4
  1
FE-1002 Shop Drawi
  7
CN
 72
1
 11
709.0
 21
53.5
 31
0.0
100
AcDbText
 73
2
  0
TEXT
  5
2D3
330
17
100
AcDbEntity
  8
文字
100
AcDbText
 10
774.0
 20
53.5
 30
0.0
 40
3.0
  1
Orifice Plate Detail
  7
CN
 72
1
 11
774.0
 21
53.5
 31
0.0
100
AcDbText
 73
2
  0
TEXT
  5
2D4
330
17
100
AcDbEntity
  8
文字
100
AcDbText
 10
829.0
 20
53.5
 30
0.0
 40
2.2
  1
F304/F304L
  7
CN
 72
1
 11
829.0
 21
53.5
 31
0.0
100
AcDbText
 73
2
  0
TEXT
  5
2D5
330
17
100
AcDbEntity
  8
文字
100
AcDbText
 10
864.0
 20
53.5
 30
0.0
 40
2.2
  1
1:2 / 5:1
  7
CN
 72
1
 11
864.0
 21
53.5
 31
0.0
100
AcDbText
 73
2
  0
TEXT
  5
2D6
330
17
100
AcDbEntity
  8
文字
100
AcDbText
 10
709.0
 20
40.5
 30
0.0
 40
2.3
  1
Tag FE-1002
  7
CN
 72
1
 11
709.0
 21
40.5
 31
0.0
100
AcDbText
 73
2
  0
TEXT
  5
2D7
330
17
100
AcDbEntity
  8
文字
100
AcDbText
 10
774.0
 20
40.5
 30
0.0
 40
2.3
  1
Dwg FE-1002-GA-02
  7
CN
 72
1
 11
774.0
 21
40.5
 31
0.0
100
AcDbText
 73
2
  0
TEXT
  5
2D8
330
17
100
AcDbEntity
  8
文字
100
AcDbText
 10
829.0
 20
40.5
 30
0.0
 40
2.2
  1
Sheet 2/3
  7
CN
 72
1
 11
829.0
 21
40.5
 31
0.0
100
AcDbText
 73
2
  0
TEXT
  5
2D9
330
17
100
AcDbEntity
  8
文字
100
AcDbText
 10
864.0
 20
40.5
 30
0.0
 40
2.2
  1
A3
  7
CN
 72
1
 11
864.0
 21
40.5
 31
0.0
100
AcDbText
 73
2
  0
TEXT
  5
2DA
330
17
100
AcDbEntity
  8
文字
100
AcDbText
 10
709.0
 20
27.5
 30
0.0
 40
2.2
  1
S/N 26031402
  7
CN
 72
1
 11
709.0
 21
27.5
 31
0.0
100
AcDbText
 73
2
  0
TEXT
  5
2DB
330
17
100
AcDbEntity
  8
文字
100
AcDbText
 10
774.0
 20
27.5
 30
0.0
 40
2.1
  1
ROH10×JX25N2
  7
CN
 72
1
 11
774.0
 21
27.5
 31
0.0
100
AcDbText
 73
2
  0
TEXT
  5
2DC
330
17
100
AcDbEntity
  8
文字
100
AcDbText
 10
829.0
 20
27.5
 30
0.0
 40
2.2
  1
Unit: mm
  7
CN
 72
1
 11
829.0
 21
27.5
 31
0.0
100
AcDbText
 73
2
  0
TEXT
  5
2DD
330
17
100
AcDbEntity
  8
文字
100
AcDbText
 10
864.0
 20
27.5
 30
0.0
 40
2.0
  1
R2013
  7
CN
 72
1
 11
864.0
 21
27.5
 31
0.0
100
AcDbText
 73
2
  0
TEXT
  5
2DE
330
17
100
AcDbEntity
  8
文字
100
AcDbText
 10
696.0
 20
14.5
 30
0.0
 40
2.0
  1
Drawn
  7
CN
 72
1
 11
696.0
 21
14.5
 31
0.0
100
AcDbText
 73
2
  0
TEXT
  5
2DF
330
17
100
AcDbEntity
  8
文字
100
AcDbText
 10
722.0
 20
14.5
 30
0.0
 40
2.0
  1
Checked
  7
CN
 72
1
 11
722.0
 21
14.5
 31
0.0
100
AcDbText
 73
2
  0
TEXT
  5
2E0
330
17
100
AcDbEntity
  8
文字
100
AcDbText
 10
802.0
 20
14.5
 30
0.0
 40
2.1
  1
DN250 PN25 HG/T20592 RF  Flange taps
  7
CN
 72
1
 11
802.0
 21
14.5
 31
0.0
100
AcDbText
 73
2
  0
TEXT
  5
2E1
330
17
100
AcDbEntity
  8
文字
100
AcDbText
 10
481.0
 20
282.0
 30
0.0
 40
4.2
  1
FE-1002  Orifice Plate Detail
  7
CN
 11
481.0
 21
282.0
 31
0.0
100
AcDbText
  0
CIRCLE
  5
2E2
330
17
100
AcDbEntity
  8
轮廓
  6
Continuous
370
60
100
AcDbCircle
 10
585.0
 20
175.0
 30
0.0
 40
80.0
  0
CIRCLE
  5
2E3
330
17
100
AcDbEntity
  8
轮廓
  6
Continuous
370
60
100
AcDbCircle
 10
585.0
 20
175.0
 30
0.0
 40
34.045
  0
CIRCLE
  5
2E4
330
17
100
AcDbEntity
  8
细实线
  6
Continuous
370
18
100
AcDbCircle
 10
585.0
 20
175.0
 30
0.0
 40
76.0
  0
LINE
  5
2E5
330
17
100
AcDbEntity
  8
中心线
  6
CENTER
370
18
100
AcDbLine
 10
499.0
 20
175.0
 30
0.0
 11
671.0
 21
175.0
 31
0.0
  0
LINE
  5
2E6
330
17
100
AcDbEntity
  8
中心线
  6
CENTER
370
18
100
AcDbLine
 10
585.0
 20
89.0
 30
0.0
 11
585.0
 21
282.0
 31
0.0
  0
LINE
  5
2E7
330
17
100
AcDbEntity
  8
轮廓
  6
Continuous
370
60
100
AcDbLine
 10
576.0
 20
255.0
 30
0.0
 11
594.0
 21
255.0
 31
0.0
  0
LINE
  5
2E8
330
17
100
AcDbEntity
  8
轮廓
  6
Continuous
370
60
100
AcDbLine
 10
594.0
 20
255.0
 30
0.0
 11
594.0
 21
280.0
 31
0.0
  0
LINE
  5
2E9
330
17
100
AcDbEntity
  8
轮廓
  6
Continuous
370
60
100
AcDbLine
 10
594.0
 20
280.0
 30
0.0
 11
576.0
 21
280.0
 31
0.0
  0
LINE
  5
2EA
330
17
100
AcDbEntity
  8
轮廓
  6
Continuous
370
60
100
AcDbLine
 10
576.0
 20
280.0
 30
0.0
 11
576.0
 21
255.0
 31
0.0
  0
CIRCLE
  5
2EB
330
17
100
AcDbEntity
  8
细实线
  6
Continuous
370
18
100
AcDbCircle
 10
585.0
 20
274.0
 30
0.0
 40
2.0
  0
TEXT
  5
2EC
330
17
100
AcDbEntity
  8
文字
100
AcDbText
 10
585.0
 20
268.75
 30
0.0
 40
2.4
  1
FE-1002
  7
CN
 72
1
 11
585.0
 21
268.75
 31
0.0
100
AcDbText
 73
2
  0
TEXT
  5
2ED
330
17
100
AcDbEntity
  8
文字
100
AcDbText
 10
585.0
 20
262.0
 30
0.0
 40
1.8
  1
UPSTREAM
  7
CN
 72
1
 11
585.0
 21
262.0
 31
0.0
100
AcDbText
 73
2
  0
LINE
  5
2EE
330
17
100
AcDbEntity
  8
标注
  6
Continuous
370
18
100
AcDbLine
 10
624.045
 20
166.0
 30
0.0
 11
638.045
 21
166.0
 31
0.0
  0
LINE
  5
2EF
330
17
100
AcDbEntity
  8
标注
  6
Continuous
370
18
100
AcDbLine
 10
638.045
 20
166.0
 30
0.0
 11
635.045
 21
168.0
 31
0.0
  0
LINE
  5
2F0
330
17
100
AcDbEntity
  8
标注
  6
Continuous
370
18
100
AcDbLine
 10
638.045
 20
166.0
 30
0.0
 11
635.045
 21
164.0
 31
0.0
  0
TEXT
  5
2F1
330
17
100
AcDbEntity
  8
标注
100
AcDbText
 10
631.045
 20
162.0
 30
0.0
 40
1.8
  1
flow mark
  7
CN
 72
1
 11
631.045
 21
162.0
 31
0.0
100
AcDbText
 73
3
  0
LINE
  5
2F2
330
17
100
AcDbEntity
  8
标注
  6
Continuous
370
18
100
AcDbLine
 10
505.0
 20
81.0
 30
0.0
 11
665.0
 21
81.0
 31
0.0
  0
LINE
  5
2F3
330
17
100
AcDbEntity
  8
标注
  6
Continuous
370
18
100
AcDbLine
 10
505.0
 20
79.4
 30
0.0
 11
505.0
 21
82.6
 31
0.0
  0
LINE
  5
2F4
330
17
100
AcDbEntity
  8
标注
  6
Continuous
370
18
100
AcDbLine
 10
665.0
 20
79.4
 30
0.0
 11
665.0
 21
82.6
 31
0.0
  0
LINE
  5
2F5
330
17
100
AcDbEntity
  8
标注
  6
Continuous
370
18
100
AcDbLine
 10
505.0
 20
81.0
 30
0.0
 11
507.4
 21
81.85
 31
0.0
  0
LINE
  5
2F6
330
17
100
AcDbEntity
  8
标注
  6
Continuous
370
18
100
AcDbLine
 10
505.0
 20
81.0
 30
0.0
 11
507.4
 21
80.15
 31
0.0
  0
LINE
  5
2F7
330
17
100
AcDbEntity
  8
标注
  6
Continuous
370
18
100
AcDbLine
 10
665.0
 20
81.0
 30
0.0
 11
662.6
 21
81.85
 31
0.0
  0
LINE
  5
2F8
330
17
100
AcDbEntity
  8
标注
  6
Continuous
370
18
100
AcDbLine
 10
665.0
 20
81.0
 30
0.0
 11
662.6
 21
80.15
 31
0.0
  0
TEXT
  5
2F9
330
17
100
AcDbEntity
  8
标注
100
AcDbText
 10
585.0
 20
83.0
 30
0.0
 40
2.5
  1
Ø320.0  0/-0.2
  7
CN
 72
1
 11
585.0
 21
83.0
 31
0.0
100
AcDbText
 73
1
  0
LINE
  5
2FA
330
17
100
AcDbEntity
  8
标注
  6
Continuous
370
18
100
AcDbLine
 10
550.955
 20
181.0
 30
0.0
 11
619.045
 21
181.0
 31
0.0
  0
LINE
  5
2FB
330
17
100
AcDbEntity
  8
标注
  6
Continuous
370
18
100
AcDbLine
 10
550.955
 20
179.4
 30
0.0
 11
550.955
 21
182.6
 31
0.0
  0
LINE
  5
2FC
330
17
100
AcDbEntity
  8
标注
  6
Continuous
370
18
100
AcDbLine
 10
619.045
 20
179.4
 30
0.0
 11
619.045
 21
182.6
 31
0.0
  0
LINE
  5
2FD
330
17
100
AcDbEntity
  8
标注
  6
Continuous
370
18
100
AcDbLine
 10
550.955
 20
181.0
 30
0.0
 11
553.355
 21
181.85
 31
0.0
  0
LINE
  5
2FE
330
17
100
AcDbEntity
  8
标注
  6
Continuous
370
18
100
AcDbLine
 10
550.955
 20
181.0
 30
0.0
 11
553.355
 21
180.15
 31
0.0
  0
LINE
  5
2FF
330
17
100
AcDbEntity
  8
标注
  6
Continuous
370
18
100
AcDbLine
 10
619.045
 20
181.0
 30
0.0
 11
616.645
 21
181.85
 31
0.0
  0
LINE
  5
300
330
17
100
AcDbEntity
  8
标注
  6
Continuous
370
18
100
AcDbLine
 10
619.045
 20
181.0
 30
0.0
 11
616.645
 21
180.15
 31
0.0
  0
TEXT
  5
301
330
17
100
AcDbEntity
  8
标注
100
AcDbText
 10
585.0
 20
183.0
 30
0.0
 40
2.5
  1
Ø136.18 ±0.05
  7
CN
 72
1
 11
585.0
 21
183.0
 31
0.0
100
AcDbText
 73
1
  0
LINE
  5
302
330
17
100
AcDbEntity
  8
标注
  6
Continuous
370
18
100
AcDbLine
 10
677.0
 20
255.0
 30
0.0
 11
677.0
 21
280.0
 31
0.0
  0
LINE
  5
303
330
17
100
AcDbEntity
  8
标注
  6
Continuous
370
18
100
AcDbLine
 10
675.4
 20
255.0
 30
0.0
 11
678.6
 21
255.0
 31
0.0
  0
LINE
  5
304
330
17
100
AcDbEntity
  8
标注
  6
Continuous
370
18
100
AcDbLine
 10
675.4
 20
280.0
 30
0.0
 11
678.6
 21
280.0
 31
0.0
  0
LINE
  5
305
330
17
100
AcDbEntity
  8
标注
  6
Continuous
370
18
100
AcDbLine
 10
677.0
 20
255.0
 30
0.0
 11
676.15
 21
257.4
 31
0.0
  0
LINE
  5
306
330
17
100
AcDbEntity
  8
标注
  6
Continuous
370
18
100
AcDbLine
 10
677.0
 20
255.0
 30
0.0
 11
677.85
 21
257.4
 31
0.0
  0
LINE
  5
307
330
17
100
AcDbEntity
  8
标注
  6
Continuous
370
18
100
AcDbLine
 10
677.0
 20
280.0
 30
0.0
 11
676.15
 21
277.6
 31
0.0
  0
LINE
  5
308
330
17
100
AcDbEntity
  8
标注
  6
Continuous
370
18
100
AcDbLine
 10
677.0
 20
280.0
 30
0.0
 11
677.85
 21
277.6
 31
0.0
  0
TEXT
  5
309
330
17
100
AcDbEntity
  8
标注
100
AcDbText
 10
682.0
 20
267.5
 30
0.0
 40
2.5
  1
50.0
 50
90.0
  7
CN
 72
1
 11
682.0
 21
267.5
 31
0.0
100
AcDbText
 73
2
  0
LINE
  5
30A
330
17
100
AcDbEntity
  8
标注
  6
Continuous
370
18
100
AcDbLine
 10
576.0
 20
286.0
 30
0.0
 11
594.0
 21
286.0
 31
0.0
  0
LINE
  5
30B
330
17
100
AcDbEntity
  8
标注
  6
Continuous
370
18
100
AcDbLine
 10
576.0
 20
284.4
 30
0.0
 11
576.0
 21
287.6
 31
0.0
  0
LINE
  5
30C
330
17
100
AcDbEntity
  8
标注
  6
Continuous
370
18
100
AcDbLine
 10
594.0
 20
284.4
 30
0.0
 11
594.0
 21
287.6
 31
0.0
  0
LINE
  5
30D
330
17
100
AcDbEntity
  8
标注
  6
Continuous
370
18
100
AcDbLine
 10
576.0
 20
286.0
 30
0.0
 11
578.4
 21
286.85
 31
0.0
  0
LINE
  5
30E
330
17
100
AcDbEntity
  8
标注
  6
Continuous
370
18
100
AcDbLine
 10
576.0
 20
286.0
 30
0.0
 11
578.4
 21
285.15
 31
0.0
  0
LINE
  5
30F
330
17
100
AcDbEntity
  8
标注
  6
Continuous
370
18
100
AcDbLine
 10
594.0
 20
286.0
 30
0.0
 11
591.6
 21
286.85
 31
0.0
  0
LINE
  5
310
330
17
100
AcDbEntity
  8
标注
  6
Continuous
370
18
100
AcDbLine
 10
594.0
 20
286.0
 30
0.0
 11
591.6
 21
285.15
 31
0.0
  0
TEXT
  5
311
330
17
100
AcDbEntity
  8
标注
100
AcDbText
 10
585.0
 20
288.0
 30
0.0
 40
2.5
  1
36.0
  7
CN
 72
1
 11
585.0
 21
288.0
 31
0.0
100
AcDbText
 73
1
  0
LINE
  5
312
330
17
100
AcDbEntity
  8
标注
  6
Continuous
370
18
100
AcDbLine
 10
533.0
 20
215.0
 30
0.0
 11
532.0
 21
217.0
 31
0.0
  0
LINE
  5
313
330
17
100
AcDbEntity
  8
标注
  6
Continuous
370
18
100
AcDbLine
 10
533.0
 20
215.0
 30
0.0
 11
534.0
 21
217.0
 31
0.0
  0
TEXT
  5
314
330
17
100
AcDbEntity
  8
标注
100
AcDbText
 10
535.0
 20
216.5
 30
0.0
 40
1.8
  1
Ra1.6
  7
CN
 11
535.0
 21
216.5
 31
0.0
100
AcDbText
  0
TEXT
  5
315
330
17
100
AcDbEntity
  8
文字
100
AcDbText
 10
585.0
 20
67.0
 30
0.0
 40
2.3
  1
Front view  1:2  (upstream face)
  7
CN
 72
1
 11
585.0
 21
67.0
 31
0.0
100
AcDbText
 73
3
  0
LINE
  5
316
330
17
100
AcDbEntity
  8
轮廓
  6
Continuous
370
60
100
AcDbLine
 10
750.0
 20
35.0
 30
0.0
 11
750.0
 21
315.0
 31
0.0
  0
LINE
  5
317
330
17
100
AcDbEntity
  8
轮廓
  6
Continuous
370
60
100
AcDbLine
 10
780.0
 20
35.0
 30
0.0
 11
780.0
 21
315.0
 31
0.0
  0
LINE
  5
318
330
17
100
AcDbEntity
  8
轮廓
  6
Continuous
370
60
100
AcDbLine
 10
750.0
 20
315.0
 30
0.0
 11
780.0
 21
315.0
 31
0.0
  0
LINE
  5
319
330
17
100
AcDbEntity
  8
轮廓
  6
Continuous
370
60
100
AcDbLine
 10
750.0
 20
35.0
 30
0.0
 11
780.0
 21
35.0
 31
0.0
  0
LINE
  5
31A
330
17
100
AcDbEntity
  8
轮廓
  6
Continuous
370
60
100
AcDbLine
 10
750.0
 20
515.45
 30
0.0
 11
762.5
 21
515.45
 31
0.0
  0
LINE
  5
31B
330
17
100
AcDbEntity
  8
轮廓
  6
Continuous
370
60
100
AcDbLine
 10
750.0
 20
-165.45000000000005
 30
0.0
 11
762.5
 21
-165.45000000000005
 31
0.0
  0
LINE
  5
31C
330
17
100
AcDbEntity
  8
轮廓
  6
Continuous
370
60
100
AcDbLine
 10
762.5
 20
515.45
 30
0.0
 11
780.0
 21
532.95
 31
0.0
  0
LINE
  5
31D
330
17
100
AcDbEntity
  8
轮廓
  6
Continuous
370
60
100
AcDbLine
 10
762.5
 20
-165.45000000000005
 30
0.0
 11
780.0
 21
-182.95000000000005
 31
0.0
  0
LINE
  5
31E
330
17
100
AcDbEntity
  8
轮廓
  6
Continuous
370
60
100
AcDbLine
 10
780.0
 20
532.95
 30
0.0
 11
780.0
 21
-182.95000000000005
 31
0.0
  0
LINE
  5
31F
330
17
100
AcDbEntity
  8
轮廓
  6
Continuous
370
60
100
AcDbLine
 10
750.0
 20
515.45
 30
0.0
 11
750.0
 21
-165.45000000000005
 31
0.0
  0
LINE
  5
320
330
17
100
AcDbEntity
  8
中心线
  6
CENTER
370
18
100
AcDbLine
 10
735.0
 20
175.0
 30
0.0
 11
795.0
 21
175.0
 31
0.0
  0
LINE
  5
321
330
17
100
AcDbEntity
  8
标注
  6
Continuous
370
18
100
AcDbLine
 10
750.0
 20
25.0
 30
0.0
 11
780.0
 21
25.0
 31
0.0
  0
LINE
  5
322
330
17
100
AcDbEntity
  8
标注
  6
Continuous
370
18
100
AcDbLine
 10
750.0
 20
23.4
 30
0.0
 11
750.0
 21
26.6
 31
0.0
  0
LINE
  5
323
330
17
100
AcDbEntity
  8
标注
  6
Continuous
370
18
100
AcDbLine
 10
780.0
 20
23.4
 30
0.0
 11
780.0
 21
26.6
 31
0.0
  0
LINE
  5
324
330
17
100
AcDbEntity
  8
标注
  6
Continuous
370
18
100
AcDbLine
 10
750.0
 20
25.0
 30
0.0
 11
752.4
 21
25.85
 31
0.0
  0
LINE
  5
325
330
17
100
AcDbEntity
  8
标注
  6
Continuous
370
18
100
AcDbLine
 10
750.0
 20
25.0
 30
0.0
 11
752.4
 21
24.15
 31
0.0
  0
LINE
  5
326
330
17
100
AcDbEntity
  8
标注
  6
Continuous
370
18
100
AcDbLine
 10
780.0
 20
25.0
 30
0.0
 11
777.6
 21
25.85
 31
0.0
  0
LINE
  5
327
330
17
100
AcDbEntity
  8
标注
  6
Continuous
370
18
100
AcDbLine
 10
780.0
 20
25.0
 30
0.0
 11
777.6
 21
24.15
 31
0.0
  0
TEXT
  5
328
330
17
100
AcDbEntity
  8
标注
100
AcDbText
 10
765.0
 20
27.0
 30
0.0
 40
2.5
  1
E=6.0
  7
CN
 72
1
 11
765.0
 21
27.0
 31
0.0
100
AcDbText
 73
1
  0
LINE
  5
329
330
17
100
AcDbEntity
  8
标注
  6
Continuous
370
18
100
AcDbLine
 10
750.0
 20
527.45
 30
0.0
 11
762.5
 21
527.45
 31
0.0
  0
LINE
  5
32A
330
17
100
AcDbEntity
  8
标注
  6
Continuous
370
18
100
AcDbLine
 10
750.0
 20
525.85
 30
0.0
 11
750.0
 21
529.0500000000001
 31
0.0
  0
LINE
  5
32B
330
17
100
AcDbEntity
  8
标注
  6
Continuous
370
18
100
AcDbLine
 10
762.5
 20
525.85
 30
0.0
 11
762.5
 21
529.0500000000001
 31
0.0
  0
LINE
  5
32C
330
17
100
AcDbEntity
  8
标注
  6
Continuous
370
18
100
AcDbLine
 10
750.0
 20
527.45
 30
0.0
 11
752.4
 21
528.3000000000001
 31
0.0
  0
LINE
  5
32D
330
17
100
AcDbEntity
  8
标注
  6
Continuous
370
18
100
AcDbLine
 10
750.0
 20
527.45
 30
0.0
 11
752.4
 21
526.6
 31
0.0
  0
LINE
  5
32E
330
17
100
AcDbEntity
  8
标注
  6
Continuous
370
18
100
AcDbLine
 10
762.5
 20
527.45
 30
0.0
 11
760.1
 21
528.3000000000001
 31
0.0
  0
LINE
  5
32F
330
17
100
AcDbEntity
  8
标注
  6
Continuous
370
18
100
AcDbLine
 10
762.5
 20
527.45
 30
0.0
 11
760.1
 21
526.6
 31
0.0
  0
TEXT
  5
330
330
17
100
AcDbEntity
  8
标注
100
AcDbText
 10
756.25
 20
529.45
 30
0.0
 40
2.5
  1
e=2.5
  7
CN
 72
1
 11
756.25
 21
529.45
 31
0.0
100
AcDbText
 73
1
  0
TEXT
  5
331
330
17
100
AcDbEntity
  8
标注
100
AcDbText
 10
770.375
 20
547.95
 30
0.0
 40
2.2
  1
45.0°
  7
CN
 72
1
 11
770.375
 21
547.95
 31
0.0
100
AcDbText
 73
1
  0
LINE
  5
332
330
17
100
AcDbEntity
  8
标注
  6
Continuous
370
18
100
AcDbLine
 10
790.0
 20
-165.45000000000005
 30
0.0
 11
790.0
 21
515.45
 31
0.0
  0
LINE
  5
333
330
17
100
AcDbEntity
  8
标注
  6
Continuous
370
18
100
AcDbLine
 10
788.4
 20
-165.45000000000005
 30
0.0
 11
791.6
 21
-165.45000000000005
 31
0.0
  0
LINE
  5
334
330
17
100
AcDbEntity
  8
标注
  6
Continuous
370
18
100
AcDbLine
 10
788.4
 20
515.45
 30
0.0
 11
791.6
 21
515.45
 31
0.0
  0
LINE
  5
335
330
17
100
AcDbEntity
  8
标注
  6
Continuous
370
18
100
AcDbLine
 10
790.0
 20
-165.45000000000005
 30
0.0
 11
789.15
 21
-163.05000000000004
 31
0.0
  0
LINE
  5
336
330
17
100
AcDbEntity
  8
标注
  6
Continuous
370
18
100
AcDbLine
 10
790.0
 20
-165.45000000000005
 30
0.0
 11
790.85
 21
-163.05000000000004
 31
0.0
  0
LINE
  5
337
330
17
100
AcDbEntity
  8
标注
  6
Continuous
370
18
100
AcDbLine
 10
790.0
 20
515.45
 30
0.0
 11
789.15
 21
513.0500000000001
 31
0.0
  0
LINE
  5
338
330
17
100
AcDbEntity
  8
标注
  6
Continuous
370
18
100
AcDbLine
 10
790.0
 20
515.45
 30
0.0
 11
790.85
 21
513.0500000000001
 31
0.0
  0
TEXT
  5
339
330
17
100
AcDbEntity
  8
标注
100
AcDbText
 10
795.0
 20
175.0
 30
0.0
 40
2.5
  1
Ø136.18
 50
90.0
  7
CN
 72
1
 11
795.0
 21
175.0
 31
0.0
100
AcDbText
 73
2
  0
TEXT
  5
33A
330
17
100
AcDbEntity
  8
标注
100
AcDbText
 10
725.0
 20
525.45
 30
0.0
 40
1.8
  1
Ra0.8
  7
CN
 72
2
 11
725.0
 21
525.45
 31
0.0
100
AcDbText
  0
TEXT
  5
33B
330
17
100
AcDbEntity
  8
文字
100
AcDbText
 10
765.0
 20
329.0
 30
0.0
 40
2.3
  1
Detail A-A  5:1  (downstream bevel)
  7
CN
 72
1
 11
765.0
 21
329.0
 31
0.0
100
AcDbText
 73
1
  0
TEXT
  5
33C
330
17
100
AcDbEntity
  8
文字
100
AcDbText
 10
765.0
 20
13.0
 30
0.0
 40
2.0
  1
Inlet edge sharp  G ≤ 0.0004d
  7
CN
 72
1
 11
765.0
 21
13.0
 31
0.0
100
AcDbText
 73
3
  0
TEXT
  5
33D
330
17
100
AcDbEntity
  8
文字
100
AcDbText
 10
482.0
 20
65.5
 30
0.0
 40
2.6
  1
Plate notes
  7
CN
 11
482.0
 21
65.5
 31
0.0
100
AcDbText
  0
LINE
  5
33E
330
17
100
AcDbEntity
  8
表格
  6
Continuous
370
18
100
AcDbLine
 10
482.0
 20
56.5
 30
0.0
 11
532.0
 21
56.5
 31
0.0
  0
LINE
  5
33F
330
17
100
AcDbEntity
  8
表格
  6
Continuous
370
18
100
AcDbLine
 10
532.0
 20
56.5
 30
0.0
 11
532.0
 21
62.0
 31
0.0
  0
LINE
  5
340
330
17
100
AcDbEntity
  8
表格
  6
Continuous
370
18
100
AcDbLine
 10
532.0
 20
62.0
 30
0.0
 11
482.0
 21
62.0
 31
0.0
  0
LINE
  5
341
330
17
100
AcDbEntity
  8
表格
  6
Continuous
370
18
100
AcDbLine
 10
482.0
 20
62.0
 30
0.0
 11
482.0
 21
56.5
 31
0.0
  0
TEXT
  5
342
330
17
100
AcDbEntity
  8
表格
100
AcDbText
 10
483.0
 20
59.25
 30
0.0
 40
1.9
  1
Marking on handle
  7
CN
 11
483.0
 21
59.25
 31
0.0
100
AcDbText
 73
2
  0
LINE
  5
343
330
17
100
AcDbEntity
  8
表格
  6
Continuous
370
18
100
AcDbLine
 10
532.0
 20
56.5
 30
0.0
 11
622.0
 21
56.5
 31
0.0
  0
LINE
  5
344
330
17
100
AcDbEntity
  8
表格
  6
Continuous
370
18
100
AcDbLine
 10
622.0
 20
56.5
 30
0.0
 11
622.0
 21
62.0
 31
0.0
  0
LINE
  5
345
330
17
100
AcDbEntity
  8
表格
  6
Continuous
370
18
100
AcDbLine
 10
622.0
 20
62.0
 30
0.0
 11
532.0
 21
62.0
 31
0.0
  0
LINE
  5
346
330
17
100
AcDbEntity
  8
表格
  6
Continuous
370
18
100
AcDbLine
 10
532.0
 20
62.0
 30
0.0
 11
532.0
 21
56.5
 31
0.0
  0
TEXT
  5
347
330
17
100
AcDbEntity
  8
表格
100
AcDbText
 10
533.0
 20
59.25
 30
0.0
 40
1.9
  1

  7
CN
 11
533.0
 21
59.25
 31
0.0
100
AcDbText
 73
2
  0
LINE
  5
348
330
17
100
AcDbEntity
  8
表格
  6
Continuous
370
18
100
AcDbLine
 10
482.0
 20
51.0
 30
0.0
 11
532.0
 21
51.0
 31
0.0
  0
LINE
  5
349
330
17
100
AcDbEntity
  8
表格
  6
Continuous
370
18
100
AcDbLine
 10
532.0
 20
51.0
 30
0.0
 11
532.0
 21
56.5
 31
0.0
  0
LINE
  5
34A
330
17
100
AcDbEntity
  8
表格
  6
Continuous
370
18
100
AcDbLine
 10
532.0
 20
56.5
 30
0.0
 11
482.0
 21
56.5
 31
0.0
  0
LINE
  5
34B
330
17
100
AcDbEntity
  8
表格
  6
Continuous
370
18
100
AcDbLine
 10
482.0
 20
56.5
 30
0.0
 11
482.0
 21
51.0
 31
0.0
  0
TEXT
  5
34C
330
17
100
AcDbEntity
  8
表格
100
AcDbText
 10
483.0
 20
53.75
 30
0.0
 40
1.7
  1
Line1
  7
CN
 11
483.0
 21
53.75
 31
0.0
100
AcDbText
 73
2
  0
LINE
  5
34D
330
17
100
AcDbEntity
  8
表格
  6
Continuous
370
18
100
AcDbLine
 10
532.0
 20
51.0
 30
0.0
 11
622.0
 21
51.0
 31
0.0
  0
LINE
  5
34E
330
17
100
AcDbEntity
  8
表格
  6
Continuous
370
18
100
AcDbLine
 10
622.0
 20
51.0
 30
0.0
 11
622.0
 21
56.5
 31
0.0
  0
LINE
  5
34F
330
17
100
AcDbEntity
  8
表格
  6
Continuous
370
18
100
AcDbLine
 10
622.0
 20
56.5
 30
0.0
 11
532.0
 21
56.5
 31
0.0
  0
LINE
  5
350
330
17
100
AcDbEntity
  8
表格
  6
Continuous
370
18
100
AcDbLine
 10
532.0
 20
56.5
 30
0.0
 11
532.0
 21
51.0
 31
0.0
  0
TEXT
  5
351
330
17
100
AcDbEntity
  8
表格
100
AcDbText
 10
533.0
 20
53.75
 30
0.0
 40
1.7
  1
FE-1002
  7
CN
 11
533.0
 21
53.75
 31
0.0
100
AcDbText
 73
2
  0
LINE
  5
352
330
17
100
AcDbEntity
  8
表格
  6
Continuous
370
18
100
AcDbLine
 10
482.0
 20
45.5
 30
0.0
 11
532.0
 21
45.5
 31
0.0
  0
LINE
  5
353
330
17
100
AcDbEntity
  8
表格
  6
Continuous
370
18
100
AcDbLine
 10
532.0
 20
45.5
 30
0.0
 11
532.0
 21
51.0
 31
0.0
  0
LINE
  5
354
330
17
100
AcDbEntity
  8
表格
  6
Continuous
370
18
100
AcDbLine
 10
532.0
 20
51.0
 30
0.0
 11
482.0
 21
51.0
 31
0.0
  0
LINE
  5
355
330
17
100
AcDbEntity
  8
表格
  6
Continuous
370
18
100
AcDbLine
 10
482.0
 20
51.0
 30
0.0
 11
482.0
 21
45.5
 31
0.0
  0
TEXT
  5
356
330
17
100
AcDbEntity
  8
表格
100
AcDbText
 10
483.0
 20
48.25
 30
0.0
 40
1.7
  1
Line2
  7
CN
 11
483.0
 21
48.25
 31
0.0
100
AcDbText
 73
2
  0
LINE
  5
357
330
17
100
AcDbEntity
  8
表格
  6
Continuous
370
18
100
AcDbLine
 10
532.0
 20
45.5
 30
0.0
 11
622.0
 21
45.5
 31
0.0
  0
LINE
  5
358
330
17
100
AcDbEntity
  8
表格
  6
Continuous
370
18
100
AcDbLine
 10
622.0
 20
45.5
 30
0.0
 11
622.0
 21
51.0
 31
0.0
  0
LINE
  5
359
330
17
100
AcDbEntity
  8
表格
  6
Continuous
370
18
100
AcDbLine
 10
622.0
 20
51.0
 30
0.0
 11
532.0
 21
51.0
 31
0.0
  0
LINE
  5
35A
330
17
100
AcDbEntity
  8
表格
  6
Continuous
370
18
100
AcDbLine
 10
532.0
 20
51.0
 30
0.0
 11
532.0
 21
45.5
 31
0.0
  0
TEXT
  5
35B
330
17
100
AcDbEntity
  8
表格
100
AcDbText
 10
533.0
 20
48.25
 30
0.0
 40
1.7
  1
DN250 / PN25
  7
CN
 11
533.0
 21
48.25
 31
0.0
100
AcDbText
 73
2
  0
LINE
  5
35C
330
17
100
AcDbEntity
  8
表格
  6
Continuous
370
18
100
AcDbLine
 10
482.0
 20
40.0
 30
0.0
 11
532.0
 21
40.0
 31
0.0
  0
LINE
  5
35D
330
17
100
AcDbEntity
  8
表格
  6
Continuous
370
18
100
AcDbLine
 10
532.0
 20
40.0
 30
0.0
 11
532.0
 21
45.5
 31
0.0
  0
LINE
  5
35E
330
17
100
AcDbEntity
  8
表格
  6
Continuous
370
18
100
AcDbLine
 10
532.0
 20
45.5
 30
0.0
 11
482.0
 21
45.5
 31
0.0
  0
LINE
  5
35F
330
17
100
AcDbEntity
  8
表格
  6
Continuous
370
18
100
AcDbLine
 10
482.0
 20
45.5
 30
0.0
 11
482.0
 21
40.0
 31
0.0
  0
TEXT
  5
360
330
17
100
AcDbEntity
  8
表格
100
AcDbText
 10
483.0
 20
42.75
 30
0.0
 40
1.7
  1
Line3
  7
CN
 11
483.0
 21
42.75
 31
0.0
100
AcDbText
 73
2
  0
LINE
  5
361
330
17
100
AcDbEntity
  8
表格
  6
Continuous
370
18
100
AcDbLine
 10
532.0
 20
40.0
 30
0.0
 11
622.0
 21
40.0
 31
0.0
  0
LINE
  5
362
330
17
100
AcDbEntity
  8
表格
  6
Continuous
370
18
100
AcDbLine
 10
622.0
 20
40.0
 30
0.0
 11
622.0
 21
45.5
 31
0.0
  0
LINE
  5
363
330
17
100
AcDbEntity
  8
表格
  6
Continuous
370
18
100
AcDbLine
 10
622.0
 20
45.5
 30
0.0
 11
532.0
 21
45.5
 31
0.0
  0
LINE
  5
364
330
17
100
AcDbEntity
  8
表格
  6
Continuous
370
18
100
AcDbLine
 10
532.0
 20
45.5
 30
0.0
 11
532.0
 21
40.0
 31
0.0
  0
TEXT
  5
365
330
17
100
AcDbEntity
  8
表格
100
AcDbText
 10
533.0
 20
42.75
 30
0.0
 40
1.7
  1
d=136.18  D=265.0
  7
CN
 11
533.0
 21
42.75
 31
0.0
100
AcDbText
 73
2
  0
LINE
  5
366
330
17
100
AcDbEntity
  8
表格
  6
Continuous
370
18
100
AcDbLine
 10
482.0
 20
34.5
 30
0.0
 11
532.0
 21
34.5
 31
0.0
  0
LINE
  5
367
330
17
100
AcDbEntity
  8
表格
  6
Continuous
370
18
100
AcDbLine
 10
532.0
 20
34.5
 30
0.0
 11
532.0
 21
40.0
 31
0.0
  0
LINE
  5
368
330
17
100
AcDbEntity
  8
表格
  6
Continuous
370
18
100
AcDbLine
 10
532.0
 20
40.0
 30
0.0
 11
482.0
 21
40.0
 31
0.0
  0
LINE
  5
369
330
17
100
AcDbEntity
  8
表格
  6
Continuous
370
18
100
AcDbLine
 10
482.0
 20
40.0
 30
0.0
 11
482.0
 21
34.5
 31
0.0
  0
TEXT
  5
36A
330
17
100
AcDbEntity
  8
表格
100
AcDbText
 10
483.0
 20
37.25
 30
0.0
 40
1.7
  1
Line4
  7
CN
 11
483.0
 21
37.25
 31
0.0
100
AcDbText
 73
2
  0
LINE
  5
36B
330
17
100
AcDbEntity
  8
表格
  6
Continuous
370
18
100
AcDbLine
 10
532.0
 20
34.5
 30
0.0
 11
622.0
 21
34.5
 31
0.0
  0
LINE
  5
36C
330
17
100
AcDbEntity
  8
表格
  6
Continuous
370
18
100
AcDbLine
 10
622.0
 20
34.5
 30
0.0
 11
622.0
 21
40.0
 31
0.0
  0
LINE
  5
36D
330
17
100
AcDbEntity
  8
表格
  6
Continuous
370
18
100
AcDbLine
 10
622.0
 20
40.0
 30
0.0
 11
532.0
 21
40.0
 31
0.0
  0
LINE
  5
36E
330
17
100
AcDbEntity
  8
表格
  6
Continuous
370
18
100
AcDbLine
 10
532.0
 20
40.0
 30
0.0
 11
532.0
 21
34.5
 31
0.0
  0
TEXT
  5
36F
330
17
100
AcDbEntity
  8
表格
100
AcDbText
 10
533.0
 20
37.25
 30
0.0
 40
1.7
  1
UPSTREAM + flow arrow
  7
CN
 11
533.0
 21
37.25
 31
0.0
100
AcDbText
 73
2
  0
LINE
  5
370
330
17
100
AcDbEntity
  8
表格
  6
Continuous
370
18
100
AcDbLine
 10
482.0
 20
29.0
 30
0.0
 11
532.0
 21
29.0
 31
0.0
  0
LINE
  5
371
330
17
100
AcDbEntity
  8
表格
  6
Continuous
370
18
100
AcDbLine
 10
532.0
 20
29.0
 30
0.0
 11
532.0
 21
34.5
 31
0.0
  0
LINE
  5
372
330
17
100
AcDbEntity
  8
表格
  6
Continuous
370
18
100
AcDbLine
 10
532.0
 20
34.5
 30
0.0
 11
482.0
 21
34.5
 31
0.0
  0
LINE
  5
373
330
17
100
AcDbEntity
  8
表格
  6
Continuous
370
18
100
AcDbLine
 10
482.0
 20
34.5
 30
0.0
 11
482.0
 21
29.0
 31
0.0
  0
TEXT
  5
374
330
17
100
AcDbEntity
  8
表格
100
AcDbText
 10
483.0
 20
31.75
 30
0.0
 40
1.7
  1
Material
  7
CN
 11
483.0
 21
31.75
 31
0.0
100
AcDbText
 73
2
  0
LINE
  5
375
330
17
100
AcDbEntity
  8
表格
  6
Continuous
370
18
100
AcDbLine
 10
532.0
 20
29.0
 30
0.0
 11
622.0
 21
29.0
 31
0.0
  0
LINE
  5
376
330
17
100
AcDbEntity
  8
表格
  6
Continuous
370
18
100
AcDbLine
 10
622.0
 20
29.0
 30
0.0
 11
622.0
 21
34.5
 31
0.0
  0
LINE
  5
377
330
17
100
AcDbEntity
  8
表格
  6
Continuous
370
18
100
AcDbLine
 10
622.0
 20
34.5
 30
0.0
 11
532.0
 21
34.5
 31
0.0
  0
LINE
  5
378
330
17
100
AcDbEntity
  8
表格
  6
Continuous
370
18
100
AcDbLine
 10
532.0
 20
34.5
 30
0.0
 11
532.0
 21
29.0
 31
0.0
  0
TEXT
  5
379
330
17
100
AcDbEntity
  8
表格
100
AcDbText
 10
533.0
 20
31.75
 30
0.0
 40
1.7
  1
F304/F304L
  7
CN
 11
533.0
 21
31.75
 31
0.0
100
AcDbText
 73
2
  0
LINE
  5
37A
330
17
100
AcDbEntity
  8
表格
  6
Continuous
370
18
100
AcDbLine
 10
482.0
 20
23.5
 30
0.0
 11
532.0
 21
23.5
 31
0.0
  0
LINE
  5
37B
330
17
100
AcDbEntity
  8
表格
  6
Continuous
370
18
100
AcDbLine
 10
532.0
 20
23.5
 30
0.0
 11
532.0
 21
29.0
 31
0.0
  0
LINE
  5
37C
330
17
100
AcDbEntity
  8
表格
  6
Continuous
370
18
100
AcDbLine
 10
532.0
 20
29.0
 30
0.0
 11
482.0
 21
29.0
 31
0.0
  0
LINE
  5
37D
330
17
100
AcDbEntity
  8
表格
  6
Continuous
370
18
100
AcDbLine
 10
482.0
 20
29.0
 30
0.0
 11
482.0
 21
23.5
 31
0.0
  0
TEXT
  5
37E
330
17
100
AcDbEntity
  8
表格
100
AcDbText
 10
483.0
 20
26.25
 30
0.0
 40
1.7
  1
Qty
  7
CN
 11
483.0
 21
26.25
 31
0.0
100
AcDbText
 73
2
  0
LINE
  5
37F
330
17
100
AcDbEntity
  8
表格
  6
Continuous
370
18
100
AcDbLine
 10
532.0
 20
23.5
 30
0.0
 11
622.0
 21
23.5
 31
0.0
  0
LINE
  5
380
330
17
100
AcDbEntity
  8
表格
  6
Continuous
370
18
100
AcDbLine
 10
622.0
 20
23.5
 30
0.0
 11
622.0
 21
29.0
 31
0.0
  0
LINE
  5
381
330
17
100
AcDbEntity
  8
表格
  6
Continuous
370
18
100
AcDbLine
 10
622.0
 20
29.0
 30
0.0
 11
532.0
 21
29.0
 31
0.0
  0
LINE
  5
382
330
17
100
AcDbEntity
  8
表格
  6
Continuous
370
18
100
AcDbLine
 10
532.0
 20
29.0
 30
0.0
 11
532.0
 21
23.5
 31
0.0
  0
TEXT
  5
383
330
17
100
AcDbEntity
  8
表格
100
AcDbText
 10
533.0
 20
26.25
 30
0.0
 40
1.7
  1
1
  7
CN
 11
533.0
 21
26.25
 31
0.0
100
AcDbText
 73
2
  0
LINE
  5
384
330
17
100
AcDbEntity
  8
表格
  6
Continuous
370
18
100
AcDbLine
 10
482.0
 20
18.0
 30
0.0
 11
532.0
 21
18.0
 31
0.0
  0
LINE
  5
385
330
17
100
AcDbEntity
  8
表格
  6
Continuous
370
18
100
AcDbLine
 10
532.0
 20
18.0
 30
0.0
 11
532.0
 21
23.5
 31
0.0
  0
LINE
  5
386
330
17
100
AcDbEntity
  8
表格
  6
Continuous
370
18
100
AcDbLine
 10
532.0
 20
23.5
 30
0.0
 11
482.0
 21
23.5
 31
0.0
  0
LINE
  5
387
330
17
100
AcDbEntity
  8
表格
  6
Continuous
370
18
100
AcDbLine
 10
482.0
 20
23.5
 30
0.0
 11
482.0
 21
18.0
 31
0.0
  0
TEXT
  5
388
330
17
100
AcDbEntity
  8
表格
100
AcDbText
 10
483.0
 20
20.75
 30
0.0
 40
1.7
  1
Tol. (ISO 2768-m)
  7
CN
 11
483.0
 21
20.75
 31
0.0
100
AcDbText
 73
2
  0
LINE
  5
389
330
17
100
AcDbEntity
  8
表格
  6
Continuous
370
18
100
AcDbLine
 10
532.0
 20
18.0
 30
0.0
 11
622.0
 21
18.0
 31
0.0
  0
LINE
  5
38A
330
17
100
AcDbEntity
  8
表格
  6
Continuous
370
18
100
AcDbLine
 10
622.0
 20
18.0
 30
0.0
 11
622.0
 21
23.5
 31
0.0
  0
LINE
  5
38B
330
17
100
AcDbEntity
  8
表格
  6
Continuous
370
18
100
AcDbLine
 10
622.0
 20
23.5
 30
0.0
 11
532.0
 21
23.5
 31
0.0
  0
LINE
  5
38C
330
17
100
AcDbEntity
  8
表格
  6
Continuous
370
18
100
AcDbLine
 10
532.0
 20
23.5
 30
0.0
 11
532.0
 21
18.0
 31
0.0
  0
TEXT
  5
38D
330
17
100
AcDbEntity
  8
表格
100
AcDbText
 10
533.0
 20
20.75
 30
0.0
 40
1.7
  1
unless noted
  7
CN
 11
533.0
 21
20.75
 31
0.0
100
AcDbText
 73
2
  0
LINE
  5
38E
330
17
100
AcDbEntity
  8
表格
  6
Continuous
370
18
100
AcDbLine
 10
482.0
 20
12.5
 30
0.0
 11
532.0
 21
12.5
 31
0.0
  0
LINE
  5
38F
330
17
100
AcDbEntity
  8
表格
  6
Continuous
370
18
100
AcDbLine
 10
532.0
 20
12.5
 30
0.0
 11
532.0
 21
18.0
 31
0.0
  0
LINE
  5
390
330
17
100
AcDbEntity
  8
表格
  6
Continuous
370
18
100
AcDbLine
 10
532.0
 20
18.0
 30
0.0
 11
482.0
 21
18.0
 31
0.0
  0
LINE
  5
391
330
17
100
AcDbEntity
  8
表格
  6
Continuous
370
18
100
AcDbLine
 10
482.0
 20
18.0
 30
0.0
 11
482.0
 21
12.5
 31
0.0
  0
TEXT
  5
392
330
17
100
AcDbEntity
  8
表格
100
AcDbText
 10
483.0
 20
15.25
 30
0.0
 40
1.7
  1
Edge
  7
CN
 11
483.0
 21
15.25
 31
0.0
100
AcDbText
 73
2
  0
LINE
  5
393
330
17
100
AcDbEntity
  8
表格
  6
Continuous
370
18
100
AcDbLine
 10
532.0
 20
12.5
 30
0.0
 11
622.0
 21
12.5
 31
0.0
  0
LINE
  5
394
330
17
100
AcDbEntity
  8
表格
  6
Continuous
370
18
100
AcDbLine
 10
622.0
 20
12.5
 30
0.0
 11
622.0
 21
18.0
 31
0.0
  0
LINE
  5
395
330
17
100
AcDbEntity
  8
表格
  6
Continuous
370
18
100
AcDbLine
 10
622.0
 20
18.0
 30
0.0
 11
532.0
 21
18.0
 31
0.0
  0
LINE
  5
396
330
17
100
AcDbEntity
  8
表格
  6
Continuous
370
18
100
AcDbLine
 10
532.0
 20
18.0
 30
0.0
 11
532.0
 21
12.5
 31
0.0
  0
TEXT
  5
397
330
17
100
AcDbEntity
  8
表格
100
AcDbText
 10
533.0
 20
15.25
 30
0.0
 40
1.7
  1
Keep sharp / no chamfer on i
  7
CN
 11
533.0
 21
15.25
 31
0.0
100
AcDbText
 73
2
  0
LINE
  5
398
330
17
100
AcDbEntity
  8
图框
  6
Continuous
370
60
100
AcDbLine
 10
940.0
 20
0.0
 30
0.0
 11
1360.0
 21
0.0
 31
0.0
  0
LINE
  5
399
330
17
100
AcDbEntity
  8
图框
  6
Continuous
370
60
100
AcDbLine
 10
1360.0
 20
0.0
 30
0.0
 11
1360.0
 21
297.0
 31
0.0
  0
LINE
  5
39A
330
17
100
AcDbEntity
  8
图框
  6
Continuous
370
60
100
AcDbLine
 10
1360.0
 20
297.0
 30
0.0
 11
940.0
 21
297.0
 31
0.0
  0
LINE
  5
39B
330
17
100
AcDbEntity
  8
图框
  6
Continuous
370
60
100
AcDbLine
 10
940.0
 20
297.0
 30
0.0
 11
940.0
 21
0.0
 31
0.0
  0
LINE
  5
39C
330
17
100
AcDbEntity
  8
图框
  6
Continuous
370
18
100
AcDbLine
 10
948.0
 20
8.0
 30
0.0
 11
1352.0
 21
8.0
 31
0.0
  0
LINE
  5
39D
330
17
100
AcDbEntity
  8
图框
  6
Continuous
370
18
100
AcDbLine
 10
1352.0
 20
8.0
 30
0.0
 11
1352.0
 21
289.0
 31
0.0
  0
LINE
  5
39E
330
17
100
AcDbEntity
  8
图框
  6
Continuous
370
18
100
AcDbLine
 10
1352.0
 20
289.0
 30
0.0
 11
948.0
 21
289.0
 31
0.0
  0
LINE
  5
39F
330
17
100
AcDbEntity
  8
图框
  6
Continuous
370
18
100
AcDbLine
 10
948.0
 20
289.0
 30
0.0
 11
948.0
 21
8.0
 31
0.0
  0
LINE
  5
3A0
330
17
100
AcDbEntity
  8
图框
  6
Continuous
370
60
100
AcDbLine
 10
1152.0
 20
8.0
 30
0.0
 11
1352.0
 21
8.0
 31
0.0
  0
LINE
  5
3A1
330
17
100
AcDbEntity
  8
图框
  6
Continuous
370
60
100
AcDbLine
 10
1352.0
 20
8.0
 30
0.0
 11
1352.0
 21
60.0
 31
0.0
  0
LINE
  5
3A2
330
17
100
AcDbEntity
  8
图框
  6
Continuous
370
60
100
AcDbLine
 10
1352.0
 20
60.0
 30
0.0
 11
1152.0
 21
60.0
 31
0.0
  0
LINE
  5
3A3
330
17
100
AcDbEntity
  8
图框
  6
Continuous
370
60
100
AcDbLine
 10
1152.0
 20
60.0
 30
0.0
 11
1152.0
 21
8.0
 31
0.0
  0
LINE
  5
3A4
330
17
100
AcDbEntity
  8
图框
  6
Continuous
370
18
100
AcDbLine
 10
1152.0
 20
21.0
 30
0.0
 11
1352.0
 21
21.0
 31
0.0
  0
LINE
  5
3A5
330
17
100
AcDbEntity
  8
图框
  6
Continuous
370
18
100
AcDbLine
 10
1152.0
 20
34.0
 30
0.0
 11
1352.0
 21
34.0
 31
0.0
  0
LINE
  5
3A6
330
17
100
AcDbEntity
  8
图框
  6
Continuous
370
18
100
AcDbLine
 10
1152.0
 20
47.0
 30
0.0
 11
1352.0
 21
47.0
 31
0.0
  0
LINE
  5
3A7
330
17
100
AcDbEntity
  8
图框
  6
Continuous
370
18
100
AcDbLine
 10
1207.0
 20
8.0
 30
0.0
 11
1207.0
 21
60.0
 31
0.0
  0
LINE
  5
3A8
330
17
100
AcDbEntity
  8
图框
  6
Continuous
370
18
100
AcDbLine
 10
1282.0
 20
8.0
 30
0.0
 11
1282.0
 21
60.0
 31
0.0
  0
LINE
  5
3A9
330
17
100
AcDbEntity
  8
图框
  6
Continuous
370
18
100
AcDbLine
 10
1317.0
 20
8.0
 30
0.0
 11
1317.0
 21
60.0
 31
0.0
  0
TEXT
  5
3AA
330
17
100
AcDbEntity
  8
文字
100
AcDbText
 10
1179.0
 20
53.5
 30
0.0
 40
2.4
  1
FE-1002 Shop Drawi
  7
CN
 72
1
 11
1179.0
 21
53.5
 31
0.0
100
AcDbText
 73
2
  0
TEXT
  5
3AB
330
17
100
AcDbEntity
  8
文字
100
AcDbText
 10
1244.0
 20
53.5
 30
0.0
 40
3.0
  1
Orifice Flange & Taps
  7
CN
 72
1
 11
1244.0
 21
53.5
 31
0.0
100
AcDbText
 73
2
  0
TEXT
  5
3AC
330
17
100
AcDbEntity
  8
文字
100
AcDbText
 10
1299.0
 20
53.5
 30
0.0
 40
2.2
  1
F304/F304L
  7
CN
 72
1
 11
1299.0
 21
53.5
 31
0.0
100
AcDbText
 73
2
  0
TEXT
  5
3AD
330
17
100
AcDbEntity
  8
文字
100
AcDbText
 10
1334.0
 20
53.5
 30
0.0
 40
2.2
  1
1:3 / 2:1
  7
CN
 72
1
 11
1334.0
 21
53.5
 31
0.0
100
AcDbText
 73
2
  0
TEXT
  5
3AE
330
17
100
AcDbEntity
  8
文字
100
AcDbText
 10
1179.0
 20
40.5
 30
0.0
 40
2.3
  1
Tag FE-1002
  7
CN
 72
1
 11
1179.0
 21
40.5
 31
0.0
100
AcDbText
 73
2
  0
TEXT
  5
3AF
330
17
100
AcDbEntity
  8
文字
100
AcDbText
 10
1244.0
 20
40.5
 30
0.0
 40
2.3
  1
Dwg FE-1002-GA-03
  7
CN
 72
1
 11
1244.0
 21
40.5
 31
0.0
100
AcDbText
 73
2
  0
TEXT
  5
3B0
330
17
100
AcDbEntity
  8
文字
100
AcDbText
 10
1299.0
 20
40.5
 30
0.0
 40
2.2
  1
Sheet 3/3
  7
CN
 72
1
 11
1299.0
 21
40.5
 31
0.0
100
AcDbText
 73
2
  0
TEXT
  5
3B1
330
17
100
AcDbEntity
  8
文字
100
AcDbText
 10
1334.0
 20
40.5
 30
0.0
 40
2.2
  1
A3
  7
CN
 72
1
 11
1334.0
 21
40.5
 31
0.0
100
AcDbText
 73
2
  0
TEXT
  5
3B2
330
17
100
AcDbEntity
  8
文字
100
AcDbText
 10
1179.0
 20
27.5
 30
0.0
 40
2.2
  1
S/N 26031402
  7
CN
 72
1
 11
1179.0
 21
27.5
 31
0.0
100
AcDbText
 73
2
  0
TEXT
  5
3B3
330
17
100
AcDbEntity
  8
文字
100
AcDbText
 10
1244.0
 20
27.5
 30
0.0
 40
2.1
  1
ROH10×JX25N2
  7
CN
 72
1
 11
1244.0
 21
27.5
 31
0.0
100
AcDbText
 73
2
  0
TEXT
  5
3B4
330
17
100
AcDbEntity
  8
文字
100
AcDbText
 10
1299.0
 20
27.5
 30
0.0
 40
2.2
  1
Unit: mm
  7
CN
 72
1
 11
1299.0
 21
27.5
 31
0.0
100
AcDbText
 73
2
  0
TEXT
  5
3B5
330
17
100
AcDbEntity
  8
文字
100
AcDbText
 10
1334.0
 20
27.5
 30
0.0
 40
2.0
  1
R2013
  7
CN
 72
1
 11
1334.0
 21
27.5
 31
0.0
100
AcDbText
 73
2
  0
TEXT
  5
3B6
330
17
100
AcDbEntity
  8
文字
100
AcDbText
 10
1166.0
 20
14.5
 30
0.0
 40
2.0
  1
Drawn
  7
CN
 72
1
 11
1166.0
 21
14.5
 31
0.0
100
AcDbText
 73
2
  0
TEXT
  5
3B7
330
17
100
AcDbEntity
  8
文字
100
AcDbText
 10
1192.0
 20
14.5
 30
0.0
 40
2.0
  1
Checked
  7
CN
 72
1
 11
1192.0
 21
14.5
 31
0.0
100
AcDbText
 73
2
  0
TEXT
  5
3B8
330
17
100
AcDbEntity
  8
文字
100
AcDbText
 10
1272.0
 20
14.5
 30
0.0
 40
2.1
  1
DN250 PN25 HG/T20592 RF  Flange taps
  7
CN
 72
1
 11
1272.0
 21
14.5
 31
0.0
100
AcDbText
 73
2
  0
TEXT
  5
3B9
330
17
100
AcDbEntity
  8
文字
100
AcDbText
 10
951.0
 20
282.0
 30
0.0
 40
4.2
  1
FE-1002  Orifice Flange & Taps
  7
CN
 11
951.0
 21
282.0
 31
0.0
100
AcDbText
  0
LINE
  5
3BA
330
17
100
AcDbEntity
  8
轮廓
  6
Continuous
370
60
100
AcDbLine
 10
985.6666666666666
 20
230.83333333333331
 30
0.0
 11
985.6666666666666
 21
245.83333333333331
 31
0.0
  0
LINE
  5
3BB
330
17
100
AcDbEntity
  8
轮廓
  6
Continuous
370
60
100
AcDbLine
 10
985.6666666666666
 20
245.83333333333331
 30
0.0
 11
975.0
 21
245.83333333333331
 31
0.0
  0
LINE
  5
3BC
330
17
100
AcDbEntity
  8
轮廓
  6
Continuous
370
60
100
AcDbLine
 10
975.0
 20
245.83333333333331
 30
0.0
 11
975.0
 21
224.66666666666666
 31
0.0
  0
LINE
  5
3BD
330
17
100
AcDbEntity
  8
轮廓
  6
Continuous
370
60
100
AcDbLine
 10
975.0
 20
224.66666666666666
 30
0.0
 11
963.0
 21
224.66666666666666
 31
0.0
  0
LINE
  5
3BE
330
17
100
AcDbEntity
  8
轮廓
  6
Continuous
370
60
100
AcDbLine
 10
963.0
 20
224.66666666666666
 30
0.0
 11
956.3333333333334
 21
220.5
 31
0.0
  0
LINE
  5
3BF
330
17
100
AcDbEntity
  8
轮廓
  6
Continuous
370
60
100
AcDbLine
 10
985.6666666666666
 20
119.16666666666667
 30
0.0
 11
985.6666666666666
 21
104.16666666666667
 31
0.0
  0
LINE
  5
3C0
330
17
100
AcDbEntity
  8
轮廓
  6
Continuous
370
60
100
AcDbLine
 10
985.6666666666666
 20
104.16666666666667
 30
0.0
 11
975.0
 21
104.16666666666667
 31
0.0
  0
LINE
  5
3C1
330
17
100
AcDbEntity
  8
轮廓
  6
Continuous
370
60
100
AcDbLine
 10
975.0
 20
104.16666666666667
 30
0.0
 11
975.0
 21
125.33333333333334
 31
0.0
  0
LINE
  5
3C2
330
17
100
AcDbEntity
  8
轮廓
  6
Continuous
370
60
100
AcDbLine
 10
975.0
 20
125.33333333333334
 30
0.0
 11
963.0
 21
125.33333333333334
 31
0.0
  0
LINE
  5
3C3
330
17
100
AcDbEntity
  8
轮廓
  6
Continuous
370
60
100
AcDbLine
 10
963.0
 20
125.33333333333334
 30
0.0
 11
956.3333333333334
 21
129.5
 31
0.0
  0
LINE
  5
3C4
330
17
100
AcDbEntity
  8
轮廓
  6
Continuous
370
60
100
AcDbLine
 10
985.6666666666666
 20
230.83333333333331
 30
0.0
 11
985.6666666666666
 21
119.16666666666667
 31
0.0
  0
LINE
  5
3C5
330
17
100
AcDbEntity
  8
细实线
  6
Continuous
370
18
100
AcDbLine
 10
956.3333333333334
 20
220.5
 30
0.0
 11
956.3333333333334
 21
129.5
 31
0.0
  0
LINE
  5
3C6
330
17
100
AcDbEntity
  8
细实线
  6
Continuous
370
18
100
AcDbLine
 10
985.0
 20
230.83333333333331
 30
0.0
 11
985.6666666666666
 21
230.83333333333331
 31
0.0
  0
LINE
  5
3C7
330
17
100
AcDbEntity
  8
细实线
  6
Continuous
370
18
100
AcDbLine
 10
985.0
 20
119.16666666666667
 30
0.0
 11
985.6666666666666
 21
119.16666666666667
 31
0.0
  0
LINE
  5
3C8
330
17
100
AcDbEntity
  8
细实线
  6
Continuous
370
18
100
AcDbLine
 10
956.3333333333334
 20
219.16666666666666
 30
0.0
 11
985.6666666666666
 21
219.16666666666666
 31
0.0
  0
LINE
  5
3C9
330
17
100
AcDbEntity
  8
细实线
  6
Continuous
370
18
100
AcDbLine
 10
956.3333333333334
 20
130.83333333333334
 30
0.0
 11
985.6666666666666
 21
130.83333333333334
 31
0.0
  0
LINE
  5
3CA
330
17
100
AcDbEntity
  8
中心线
  6
CENTER
370
18
100
AcDbLine
 10
951.3333333333334
 20
175.0
 30
0.0
 11
992.3333333333334
 21
175.0
 31
0.0
  0
LINE
  5
3CB
330
17
100
AcDbEntity
  8
虚线
  6
DASHED
370
18
100
AcDbLine
 10
977.8666666666667
 20
219.16666666666666
 30
0.0
 11
977.8666666666667
 21
245.83333333333331
 31
0.0
  0
LINE
  5
3CC
330
17
100
AcDbEntity
  8
细实线
  6
Continuous
370
18
100
AcDbLine
 10
976.5333333333333
 20
219.16666666666666
 30
0.0
 11
976.5333333333333
 21
245.83333333333331
 31
0.0
  0
LINE
  5
3CD
330
17
100
AcDbEntity
  8
细实线
  6
Continuous
370
18
100
AcDbLine
 10
979.2
 20
219.16666666666666
 30
0.0
 11
979.2
 21
245.83333333333331
 31
0.0
  0
LINE
  5
3CE
330
17
100
AcDbEntity
  8
轮廓
  6
Continuous
370
60
100
AcDbLine
 10
974.3166666666667
 20
245.83333333333331
 30
0.0
 11
981.4166666666666
 21
245.83333333333331
 31
0.0
  0
LINE
  5
3CF
330
17
100
AcDbEntity
  8
轮廓
  6
Continuous
370
60
100
AcDbLine
 10
981.4166666666666
 20
245.83333333333331
 30
0.0
 11
981.4166666666666
 21
279.16666666666663
 31
0.0
  0
LINE
  5
3D0
330
17
100
AcDbEntity
  8
轮廓
  6
Continuous
370
60
100
AcDbLine
 10
981.4166666666666
 20
279.16666666666663
 30
0.0
 11
974.3166666666667
 21
279.16666666666663
 31
0.0
  0
LINE
  5
3D1
330
17
100
AcDbEntity
  8
轮廓
  6
Continuous
370
60
100
AcDbLine
 10
974.3166666666667
 20
279.16666666666663
 30
0.0
 11
974.3166666666667
 21
245.83333333333331
 31
0.0
  0
LINE
  5
3D2
330
17
100
AcDbEntity
  8
细实线
  6
Continuous
370
18
100
AcDbLine
 10
973.3166666666667
 20
245.83333333333331
 30
0.0
 11
974.3166666666667
 21
247.5
 31
0.0
  0
LINE
  5
3D3
330
17
100
AcDbEntity
  8
细实线
  6
Continuous
370
18
100
AcDbLine
 10
982.4166666666666
 20
245.83333333333331
 30
0.0
 11
981.4166666666666
 21
247.5
 31
0.0
  0
LINE
  5
3D4
330
17
100
AcDbEntity
  8
标注
  6
Continuous
370
18
100
AcDbLine
 10
975.0
 20
92.16666666666667
 30
0.0
 11
985.6666666666666
 21
92.16666666666667
 31
0.0
  0
LINE
  5
3D5
330
17
100
AcDbEntity
  8
标注
  6
Continuous
370
18
100
AcDbLine
 10
975.0
 20
90.56666666666668
 30
0.0
 11
975.0
 21
93.76666666666667
 31
0.0
  0
LINE
  5
3D6
330
17
100
AcDbEntity
  8
标注
  6
Continuous
370
18
100
AcDbLine
 10
985.6666666666666
 20
90.56666666666668
 30
0.0
 11
985.6666666666666
 21
93.76666666666667
 31
0.0
  0
LINE
  5
3D7
330
17
100
AcDbEntity
  8
标注
  6
Continuous
370
18
100
AcDbLine
 10
975.0
 20
92.16666666666667
 30
0.0
 11
977.4
 21
93.01666666666667
 31
0.0
  0
LINE
  5
3D8
330
17
100
AcDbEntity
  8
标注
  6
Continuous
370
18
100
AcDbLine
 10
975.0
 20
92.16666666666667
 30
0.0
 11
977.4
 21
91.31666666666668
 31
0.0
  0
LINE
  5
3D9
330
17
100
AcDbEntity
  8
标注
  6
Continuous
370
18
100
AcDbLine
 10
985.6666666666666
 20
92.16666666666667
 30
0.0
 11
983.2666666666667
 21
93.01666666666667
 31
0.0
  0
LINE
  5
3DA
330
17
100
AcDbEntity
  8
标注
  6
Continuous
370
18
100
AcDbLine
 10
985.6666666666666
 20
92.16666666666667
 30
0.0
 11
983.2666666666667
 21
91.31666666666668
 31
0.0
  0
TEXT
  5
3DB
330
17
100
AcDbEntity
  8
标注
100
AcDbText
 10
980.3333333333333
 20
94.16666666666667
 30
0.0
 40
2.5
  1
C=32.0
  7
CN
 72
1
 11
980.3333333333333
 21
94.16666666666667
 31
0.0
100
AcDbText
 73
1
  0
LINE
  5
3DC
330
17
100
AcDbEntity
  8
标注
  6
Continuous
370
18
100
AcDbLine
 10
956.3333333333334
 20
78.16666666666667
 30
0.0
 11
985.6666666666666
 21
78.16666666666667
 31
0.0
  0
LINE
  5
3DD
330
17
100
AcDbEntity
  8
标注
  6
Continuous
370
18
100
AcDbLine
 10
956.3333333333334
 20
76.56666666666668
 30
0.0
 11
956.3333333333334
 21
79.76666666666667
 31
0.0
  0
LINE
  5
3DE
330
17
100
AcDbEntity
  8
标注
  6
Continuous
370
18
100
AcDbLine
 10
985.6666666666666
 20
76.56666666666668
 30
0.0
 11
985.6666666666666
 21
79.76666666666667
 31
0.0
  0
LINE
  5
3DF
330
17
100
AcDbEntity
  8
标注
  6
Continuous
370
18
100
AcDbLine
 10
956.3333333333334
 20
78.16666666666667
 30
0.0
 11
958.7333333333333
 21
79.01666666666667
 31
0.0
  0
LINE
  5
3E0
330
17
100
AcDbEntity
  8
标注
  6
Continuous
370
18
100
AcDbLine
 10
956.3333333333334
 20
78.16666666666667
 30
0.0
 11
958.7333333333333
 21
77.31666666666668
 31
0.0
  0
LINE
  5
3E1
330
17
100
AcDbEntity
  8
标注
  6
Continuous
370
18
100
AcDbLine
 10
985.6666666666666
 20
78.16666666666667
 30
0.0
 11
983.2666666666667
 21
79.01666666666667
 31
0.0
  0
LINE
  5
3E2
330
17
100
AcDbEntity
  8
标注
  6
Continuous
370
18
100
AcDbLine
 10
985.6666666666666
 20
78.16666666666667
 30
0.0
 11
983.2666666666667
 21
77.31666666666668
 31
0.0
  0
TEXT
  5
3E3
330
17
100
AcDbEntity
  8
标注
100
AcDbText
 10
971.0
 20
80.16666666666667
 30
0.0
 40
2.5
  1
H=88.0
  7
CN
 72
1
 11
971.0
 21
80.16666666666667
 31
0.0
100
AcDbText
 73
1
  0
LINE
  5
3E4
330
17
100
AcDbEntity
  8
标注
  6
Continuous
370
18
100
AcDbLine
 10
977.8666666666667
 20
289.16666666666663
 30
0.0
 11
985.6666666666666
 21
289.16666666666663
 31
0.0
  0
LINE
  5
3E5
330
17
100
AcDbEntity
  8
标注
  6
Continuous
370
18
100
AcDbLine
 10
977.8666666666667
 20
287.5666666666666
 30
0.0
 11
977.8666666666667
 21
290.76666666666665
 31
0.0
  0
LINE
  5
3E6
330
17
100
AcDbEntity
  8
标注
  6
Continuous
370
18
100
AcDbLine
 10
985.6666666666666
 20
287.5666666666666
 30
0.0
 11
985.6666666666666
 21
290.76666666666665
 31
0.0
  0
LINE
  5
3E7
330
17
100
AcDbEntity
  8
标注
  6
Continuous
370
18
100
AcDbLine
 10
977.8666666666667
 20
289.16666666666663
 30
0.0
 11
980.2666666666667
 21
290.01666666666665
 31
0.0
  0
LINE
  5
3E8
330
17
100
AcDbEntity
  8
标注
  6
Continuous
370
18
100
AcDbLine
 10
977.8666666666667
 20
289.16666666666663
 30
0.0
 11
980.2666666666667
 21
288.3166666666666
 31
0.0
  0
LINE
  5
3E9
330
17
100
AcDbEntity
  8
标注
  6
Continuous
370
18
100
AcDbLine
 10
985.6666666666666
 20
289.16666666666663
 30
0.0
 11
983.2666666666667
 21
290.01666666666665
 31
0.0
  0
LINE
  5
3EA
330
17
100
AcDbEntity
  8
标注
  6
Continuous
370
18
100
AcDbLine
 10
985.6666666666666
 20
289.16666666666663
 30
0.0
 11
983.2666666666667
 21
288.3166666666666
 31
0.0
  0
TEXT
  5
3EB
330
17
100
AcDbEntity
  8
标注
100
AcDbText
 10
981.7666666666667
 20
291.16666666666663
 30
0.0
 40
2.5
  1
23.4
  7
CN
 72
1
 11
981.7666666666667
 21
291.16666666666663
 31
0.0
100
AcDbText
 73
1
  0
LINE
  5
3EC
330
17
100
AcDbEntity
  8
标注
  6
Continuous
370
18
100
AcDbLine
 10
997.6666666666666
 20
104.16666666666667
 30
0.0
 11
997.6666666666666
 21
245.83333333333331
 31
0.0
  0
LINE
  5
3ED
330
17
100
AcDbEntity
  8
标注
  6
Continuous
370
18
100
AcDbLine
 10
996.0666666666666
 20
104.16666666666667
 30
0.0
 11
999.2666666666667
 21
104.16666666666667
 31
0.0
  0
LINE
  5
3EE
330
17
100
AcDbEntity
  8
标注
  6
Continuous
370
18
100
AcDbLine
 10
996.0666666666666
 20
245.83333333333331
 30
0.0
 11
999.2666666666667
 21
245.83333333333331
 31
0.0
  0
LINE
  5
3EF
330
17
100
AcDbEntity
  8
标注
  6
Continuous
370
18
100
AcDbLine
 10
997.6666666666666
 20
104.16666666666667
 30
0.0
 11
996.8166666666666
 21
106.56666666666668
 31
0.0
  0
LINE
  5
3F0
330
17
100
AcDbEntity
  8
标注
  6
Continuous
370
18
100
AcDbLine
 10
997.6666666666666
 20
104.16666666666667
 30
0.0
 11
998.5166666666667
 21
106.56666666666668
 31
0.0
  0
LINE
  5
3F1
330
17
100
AcDbEntity
  8
标注
  6
Continuous
370
18
100
AcDbLine
 10
997.6666666666666
 20
245.83333333333331
 30
0.0
 11
996.8166666666666
 21
243.4333333333333
 31
0.0
  0
LINE
  5
3F2
330
17
100
AcDbEntity
  8
标注
  6
Continuous
370
18
100
AcDbLine
 10
997.6666666666666
 20
245.83333333333331
 30
0.0
 11
998.5166666666667
 21
243.4333333333333
 31
0.0
  0
TEXT
  5
3F3
330
17
100
AcDbEntity
  8
标注
100
AcDbText
 10
1002.6666666666666
 20
175.0
 30
0.0
 40
2.5
  1
Ø425
 50
90.0
  7
CN
 72
1
 11
1002.6666666666666
 21
175.0
 31
0.0
100
AcDbText
 73
2
  0
LINE
  5
3F4
330
17
100
AcDbEntity
  8
标注
  6
Continuous
370
18
100
AcDbLine
 10
946.3333333333334
 20
129.5
 30
0.0
 11
946.3333333333334
 21
220.5
 31
0.0
  0
LINE
  5
3F5
330
17
100
AcDbEntity
  8
标注
  6
Continuous
370
18
100
AcDbLine
 10
944.7333333333333
 20
129.5
 30
0.0
 11
947.9333333333334
 21
129.5
 31
0.0
  0
LINE
  5
3F6
330
17
100
AcDbEntity
  8
标注
  6
Continuous
370
18
100
AcDbLine
 10
944.7333333333333
 20
220.5
 30
0.0
 11
947.9333333333334
 21
220.5
 31
0.0
  0
LINE
  5
3F7
330
17
100
AcDbEntity
  8
标注
  6
Continuous
370
18
100
AcDbLine
 10
946.3333333333334
 20
129.5
 30
0.0
 11
945.4833333333333
 21
131.9
 31
0.0
  0
LINE
  5
3F8
330
17
100
AcDbEntity
  8
标注
  6
Continuous
370
18
100
AcDbLine
 10
946.3333333333334
 20
129.5
 30
0.0
 11
947.1833333333334
 21
131.9
 31
0.0
  0
LINE
  5
3F9
330
17
100
AcDbEntity
  8
标注
  6
Continuous
370
18
100
AcDbLine
 10
946.3333333333334
 20
220.5
 30
0.0
 11
945.4833333333333
 21
218.1
 31
0.0
  0
LINE
  5
3FA
330
17
100
AcDbEntity
  8
标注
  6
Continuous
370
18
100
AcDbLine
 10
946.3333333333334
 20
220.5
 30
0.0
 11
947.1833333333334
 21
218.1
 31
0.0
  0
TEXT
  5
3FB
330
17
100
AcDbEntity
  8
标注
100
AcDbText
 10
941.3333333333334
 20
175.0
 30
0.0
 40
2.5
  1
Ø273.0
 50
90.0
  7
CN
 72
1
 11
941.3333333333334
 21
175.0
 31
0.0
100
AcDbText
 73
2
  0
TEXT
  5
3FC
330
17
100
AcDbEntity
  8
标注
100
AcDbText
 10
981.2
 20
203.33333333333334
 30
0.0
 40
2.0
  1
tap hole Ø8.0
  7
CN
 11
981.2
 21
203.33333333333334
 31
0.0
100
AcDbText
  0
TEXT
  5
3FD
330
17
100
AcDbEntity
  8
标注
100
AcDbText
 10
977.8666666666667
 20
285.8333333333333
 30
0.0
 40
1.9
  1
as-built to plate face 25.4±0.8
  7
CN
 72
1
 11
977.8666666666667
 21
285.8333333333333
 31
0.0
100
AcDbText
 73
1
  0
TEXT
  5
3FE
330
17
100
AcDbEntity
  8
文字
100
AcDbText
 10
980.3333333333334
 20
64.16666666666667
 30
0.0
 40
2.2
  1
Half section  1:3
  7
CN
 72
1
 11
980.3333333333334
 21
64.16666666666667
 31
0.0
100
AcDbText
 73
3
  0
CIRCLE
  5
3FF
330
17
100
AcDbEntity
  8
轮廓
  6
Continuous
370
60
100
AcDbCircle
 10
1240.0
 20
175.0
 30
0.0
 40
66.40625
  0
CIRCLE
  5
400
330
17
100
AcDbEntity
  8
细实线
  6
Continuous
370
18
100
AcDbCircle
 10
1240.0
 20
175.0
 30
0.0
 40
52.34375
  0
CIRCLE
  5
401
330
17
100
AcDbEntity
  8
轮廓
  6
Continuous
370
60
100
AcDbCircle
 10
1240.0
 20
175.0
 30
0.0
 40
41.40625
  0
CIRCLE
  5
402
330
17
100
AcDbEntity
  8
中心线
  6
CENTER
370
18
100
AcDbCircle
 10
1240.0
 20
175.0
 30
0.0
 40
57.8125
  0
CIRCLE
  5
403
330
17
100
AcDbEntity
  8
细实线
  6
Continuous
370
18
100
AcDbCircle
 10
1240.0
 20
232.8125
 30
0.0
 40
4.6875
  0
CIRCLE
  5
404
330
17
100
AcDbEntity
  8
细实线
  6
Continuous
370
18
100
AcDbCircle
 10
1211.09375
 20
225.06709365628785
 30
0.0
 40
4.6875
  0
CIRCLE
  5
405
330
17
100
AcDbEntity
  8
细实线
  6
Continuous
370
18
100
AcDbCircle
 10
1189.9329063437121
 20
203.90625
 30
0.0
 40
4.6875
  0
CIRCLE
  5
406
330
17
100
AcDbEntity
  8
细实线
  6
Continuous
370
18
100
AcDbCircle
 10
1182.1875
 20
175.0
 30
0.0
 40
4.6875
  0
CIRCLE
  5
407
330
17
100
AcDbEntity
  8
细实线
  6
Continuous
370
18
100
AcDbCircle
 10
1189.9329063437121
 20
146.09375
 30
0.0
 40
4.6875
  0
CIRCLE
  5
408
330
17
100
AcDbEntity
  8
细实线
  6
Continuous
370
18
100
AcDbCircle
 10
1211.09375
 20
124.93290634371215
 30
0.0
 40
4.6875
  0
CIRCLE
  5
409
330
17
100
AcDbEntity
  8
细实线
  6
Continuous
370
18
100
AcDbCircle
 10
1240.0
 20
117.1875
 30
0.0
 40
4.6875
  0
CIRCLE
  5
40A
330
17
100
AcDbEntity
  8
细实线
  6
Continuous
370
18
100
AcDbCircle
 10
1268.90625
 20
124.93290634371215
 30
0.0
 40
4.6875
  0
CIRCLE
  5
40B
330
17
100
AcDbEntity
  8
细实线
  6
Continuous
370
18
100
AcDbCircle
 10
1290.0670936562879
 20
146.09374999999997
 30
0.0
 40
4.6875
  0
CIRCLE
  5
40C
330
17
100
AcDbEntity
  8
细实线
  6
Continuous
370
18
100
AcDbCircle
 10
1297.8125
 20
175.0
 30
0.0
 40
4.6875
  0
CIRCLE
  5
40D
330
17
100
AcDbEntity
  8
细实线
  6
Continuous
370
18
100
AcDbCircle
 10
1290.0670936562879
 20
203.90625
 30
0.0
 40
4.6875
  0
CIRCLE
  5
40E
330
17
100
AcDbEntity
  8
细实线
  6
Continuous
370
18
100
AcDbCircle
 10
1268.90625
 20
225.06709365628785
 30
0.0
 40
4.6875
  0
CIRCLE
  5
40F
330
17
100
AcDbEntity
  8
轮廓
  6
Continuous
370
60
100
AcDbCircle
 10
1240.0
 20
228.90625
 30
0.0
 40
2.2
  0
LINE
  5
410
330
17
100
AcDbEntity
  8
中心线
  6
CENTER
370
18
100
AcDbLine
 10
1165.59375
 20
175.0
 30
0.0
 11
1314.40625
 21
175.0
 31
0.0
  0
LINE
  5
411
330
17
100
AcDbEntity
  8
中心线
  6
CENTER
370
18
100
AcDbLine
 10
1240.0
 20
100.59375
 30
0.0
 11
1240.0
 21
249.40625
 31
0.0
  0
LINE
  5
412
330
17
100
AcDbEntity
  8
标注
  6
Continuous
370
18
100
AcDbLine
 10
1182.1875
 20
96.59375
 30
0.0
 11
1297.8125
 21
96.59375
 31
0.0
  0
LINE
  5
413
330
17
100
AcDbEntity
  8
标注
  6
Continuous
370
18
100
AcDbLine
 10
1182.1875
 20
94.99375
 30
0.0
 11
1182.1875
 21
98.19375
 31
0.0
  0
LINE
  5
414
330
17
100
AcDbEntity
  8
标注
  6
Continuous
370
18
100
AcDbLine
 10
1297.8125
 20
94.99375
 30
0.0
 11
1297.8125
 21
98.19375
 31
0.0
  0
LINE
  5
415
330
17
100
AcDbEntity
  8
标注
  6
Continuous
370
18
100
AcDbLine
 10
1182.1875
 20
96.59375
 30
0.0
 11
1184.5875
 21
97.44375
 31
0.0
  0
LINE
  5
416
330
17
100
AcDbEntity
  8
标注
  6
Continuous
370
18
100
AcDbLine
 10
1182.1875
 20
96.59375
 30
0.0
 11
1184.5875
 21
95.74375
 31
0.0
  0
LINE
  5
417
330
17
100
AcDbEntity
  8
标注
  6
Continuous
370
18
100
AcDbLine
 10
1297.8125
 20
96.59375
 30
0.0
 11
1295.4125
 21
97.44375
 31
0.0
  0
LINE
  5
418
330
17
100
AcDbEntity
  8
标注
  6
Continuous
370
18
100
AcDbLine
 10
1297.8125
 20
96.59375
 30
0.0
 11
1295.4125
 21
95.74375
 31
0.0
  0
TEXT
  5
419
330
17
100
AcDbEntity
  8
标注
100
AcDbText
 10
1240.0
 20
98.59375
 30
0.0
 40
2.5
  1
Ø370
  7
CN
 72
1
 11
1240.0
 21
98.59375
 31
0.0
100
AcDbText
 73
1
  0
TEXT
  5
41A
330
17
100
AcDbEntity
  8
标注
100
AcDbText
 10
1240.0
 20
84.59375
 30
0.0
 40
2.0
  1
12×Ø30  M27
  7
CN
 72
1
 11
1240.0
 21
84.59375
 31
0.0
100
AcDbText
 73
3
  0
TEXT
  5
41B
330
17
100
AcDbEntity
  8
标注
100
AcDbText
 10
1240.0
 20
251.40625
 30
0.0
 40
2.0
  1
RF Ø335×2.0
  7
CN
 72
1
 11
1240.0
 21
251.40625
 31
0.0
100
AcDbText
 73
1
  0
TEXT
  5
41C
330
17
100
AcDbEntity
  8
文字
100
AcDbText
 10
1240.0
 20
70.59375
 30
0.0
 40
2.2
  1
Flange face view
  7
CN
 72
1
 11
1240.0
 21
70.59375
 31
0.0
100
AcDbText
 73
3
  0
LINE
  5
41D
330
17
100
AcDbEntity
  8
轮廓
  6
Continuous
370
60
100
AcDbLine
 10
970.0
 20
73.7
 30
0.0
 11
1170.0
 21
73.7
 31
0.0
  0
LINE
  5
41E
330
17
100
AcDbEntity
  8
轮廓
  6
Continuous
370
60
100
AcDbLine
 10
1170.0
 20
73.7
 30
0.0
 11
1170.0
 21
116.3
 31
0.0
  0
LINE
  5
41F
330
17
100
AcDbEntity
  8
轮廓
  6
Continuous
370
60
100
AcDbLine
 10
1170.0
 20
116.3
 30
0.0
 11
970.0
 21
116.3
 31
0.0
  0
LINE
  5
420
330
17
100
AcDbEntity
  8
轮廓
  6
Continuous
370
60
100
AcDbLine
 10
970.0
 20
116.3
 30
0.0
 11
970.0
 21
73.7
 31
0.0
  0
LINE
  5
421
330
17
100
AcDbEntity
  8
虚线
  6
DASHED
370
18
100
AcDbLine
 10
970.0
 20
79.24
 30
0.0
 11
1170.0
 21
79.24
 31
0.0
  0
LINE
  5
422
330
17
100
AcDbEntity
  8
虚线
  6
DASHED
370
18
100
AcDbLine
 10
970.0
 20
110.76
 30
0.0
 11
1170.0
 21
110.76
 31
0.0
  0
LINE
  5
423
330
17
100
AcDbEntity
  8
中心线
  6
CENTER
370
18
100
AcDbLine
 10
964.0
 20
95.0
 30
0.0
 11
1176.0
 21
95.0
 31
0.0
  0
LINE
  5
424
330
17
100
AcDbEntity
  8
轮廓
  6
Continuous
370
60
100
AcDbLine
 10
970.0
 20
73.7
 30
0.0
 11
974.0
 21
79.24
 31
0.0
  0
LINE
  5
425
330
17
100
AcDbEntity
  8
轮廓
  6
Continuous
370
60
100
AcDbLine
 10
970.0
 20
116.3
 30
0.0
 11
974.0
 21
110.76
 31
0.0
  0
LINE
  5
426
330
17
100
AcDbEntity
  8
轮廓
  6
Continuous
370
60
100
AcDbLine
 10
1170.0
 20
73.7
 30
0.0
 11
1166.0
 21
79.24
 31
0.0
  0
LINE
  5
427
330
17
100
AcDbEntity
  8
轮廓
  6
Continuous
370
60
100
AcDbLine
 10
1170.0
 20
116.3
 30
0.0
 11
1166.0
 21
110.76
 31
0.0
  0
LINE
  5
428
330
17
100
AcDbEntity
  8
标注
  6
Continuous
370
18
100
AcDbLine
 10
970.0
 20
63.7
 30
0.0
 11
1170.0
 21
63.7
 31
0.0
  0
LINE
  5
429
330
17
100
AcDbEntity
  8
标注
  6
Continuous
370
18
100
AcDbLine
 10
970.0
 20
62.1
 30
0.0
 11
970.0
 21
65.3
 31
0.0
  0
LINE
  5
42A
330
17
100
AcDbEntity
  8
标注
  6
Continuous
370
18
100
AcDbLine
 10
1170.0
 20
62.1
 30
0.0
 11
1170.0
 21
65.3
 31
0.0
  0
LINE
  5
42B
330
17
100
AcDbEntity
  8
标注
  6
Continuous
370
18
100
AcDbLine
 10
970.0
 20
63.7
 30
0.0
 11
972.4
 21
64.55
 31
0.0
  0
LINE
  5
42C
330
17
100
AcDbEntity
  8
标注
  6
Continuous
370
18
100
AcDbLine
 10
970.0
 20
63.7
 30
0.0
 11
972.4
 21
62.85
 31
0.0
  0
LINE
  5
42D
330
17
100
AcDbEntity
  8
标注
  6
Continuous
370
18
100
AcDbLine
 10
1170.0
 20
63.7
 30
0.0
 11
1167.6
 21
64.55
 31
0.0
  0
LINE
  5
42E
330
17
100
AcDbEntity
  8
标注
  6
Continuous
370
18
100
AcDbLine
 10
1170.0
 20
63.7
 30
0.0
 11
1167.6
 21
62.85
 31
0.0
  0
TEXT
  5
42F
330
17
100
AcDbEntity
  8
标注
100
AcDbText
 10
1070.0
 20
65.7
 30
0.0
 40
2.5
  1
L=100.0
  7
CN
 72
1
 11
1070.0
 21
65.7
 31
0.0
100
AcDbText
 73
1
  0
LINE
  5
430
330
17
100
AcDbEntity
  8
标注
  6
Continuous
370
18
100
AcDbLine
 10
1180.0
 20
73.7
 30
0.0
 11
1180.0
 21
116.3
 31
0.0
  0
LINE
  5
431
330
17
100
AcDbEntity
  8
标注
  6
Continuous
370
18
100
AcDbLine
 10
1178.4
 20
73.7
 30
0.0
 11
1181.6
 21
73.7
 31
0.0
  0
LINE
  5
432
330
17
100
AcDbEntity
  8
标注
  6
Continuous
370
18
100
AcDbLine
 10
1178.4
 20
116.3
 30
0.0
 11
1181.6
 21
116.3
 31
0.0
  0
LINE
  5
433
330
17
100
AcDbEntity
  8
标注
  6
Continuous
370
18
100
AcDbLine
 10
1180.0
 20
73.7
 30
0.0
 11
1179.15
 21
76.10000000000001
 31
0.0
  0
LINE
  5
434
330
17
100
AcDbEntity
  8
标注
  6
Continuous
370
18
100
AcDbLine
 10
1180.0
 20
73.7
 30
0.0
 11
1180.85
 21
76.10000000000001
 31
0.0
  0
LINE
  5
435
330
17
100
AcDbEntity
  8
标注
  6
Continuous
370
18
100
AcDbLine
 10
1180.0
 20
116.3
 30
0.0
 11
1179.15
 21
113.89999999999999
 31
0.0
  0
LINE
  5
436
330
17
100
AcDbEntity
  8
标注
  6
Continuous
370
18
100
AcDbLine
 10
1180.0
 20
116.3
 30
0.0
 11
1180.85
 21
113.89999999999999
 31
0.0
  0
TEXT
  5
437
330
17
100
AcDbEntity
  8
标注
100
AcDbText
 10
1185.0
 20
95.0
 30
0.0
 40
2.5
  1
Ø21.3×2.77
 50
90.0
  7
CN
 72
1
 11
1185.0
 21
95.0
 31
0.0
100
AcDbText
 73
2
  0
TEXT
  5
438
330
17
100
AcDbEntity
  8
文字
100
AcDbText
 10
1070.0
 20
128.3
 30
0.0
 40
2.2
  1
Impulse pipe detail  2:1   Qty=2
  7
CN
 72
1
 11
1070.0
 21
128.3
 31
0.0
100
AcDbText
 73
1
  0
TEXT
  5
439
330
17
100
AcDbEntity
  8
文字
100
AcDbText
 10
1160.0
 20
65.5
 30
0.0
 40
2.6
  1
Notes
  7
CN
 11
1160.0
 21
65.5
 31
0.0
100
AcDbText
  0
LINE
  5
43A
330
17
100
AcDbEntity
  8
表格
  6
Continuous
370
18
100
AcDbLine
 10
1160.0
 20
56.5
 30
0.0
 11
1200.0
 21
56.5
 31
0.0
  0
LINE
  5
43B
330
17
100
AcDbEntity
  8
表格
  6
Continuous
370
18
100
AcDbLine
 10
1200.0
 20
56.5
 30
0.0
 11
1200.0
 21
62.0
 31
0.0
  0
LINE
  5
43C
330
17
100
AcDbEntity
  8
表格
  6
Continuous
370
18
100
AcDbLine
 10
1200.0
 20
62.0
 30
0.0
 11
1160.0
 21
62.0
 31
0.0
  0
LINE
  5
43D
330
17
100
AcDbEntity
  8
表格
  6
Continuous
370
18
100
AcDbLine
 10
1160.0
 20
62.0
 30
0.0
 11
1160.0
 21
56.5
 31
0.0
  0
TEXT
  5
43E
330
17
100
AcDbEntity
  8
表格
100
AcDbText
 10
1161.0
 20
59.25
 30
0.0
 40
1.9
  1
Flange notes
  7
CN
 11
1161.0
 21
59.25
 31
0.0
100
AcDbText
 73
2
  0
LINE
  5
43F
330
17
100
AcDbEntity
  8
表格
  6
Continuous
370
18
100
AcDbLine
 10
1200.0
 20
56.5
 30
0.0
 11
1320.0
 21
56.5
 31
0.0
  0
LINE
  5
440
330
17
100
AcDbEntity
  8
表格
  6
Continuous
370
18
100
AcDbLine
 10
1320.0
 20
56.5
 30
0.0
 11
1320.0
 21
62.0
 31
0.0
  0
LINE
  5
441
330
17
100
AcDbEntity
  8
表格
  6
Continuous
370
18
100
AcDbLine
 10
1320.0
 20
62.0
 30
0.0
 11
1200.0
 21
62.0
 31
0.0
  0
LINE
  5
442
330
17
100
AcDbEntity
  8
表格
  6
Continuous
370
18
100
AcDbLine
 10
1200.0
 20
62.0
 30
0.0
 11
1200.0
 21
56.5
 31
0.0
  0
TEXT
  5
443
330
17
100
AcDbEntity
  8
表格
100
AcDbText
 10
1201.0
 20
59.25
 30
0.0
 40
1.9
  1

  7
CN
 11
1201.0
 21
59.25
 31
0.0
100
AcDbText
 73
2
  0
LINE
  5
444
330
17
100
AcDbEntity
  8
表格
  6
Continuous
370
18
100
AcDbLine
 10
1160.0
 20
51.0
 30
0.0
 11
1200.0
 21
51.0
 31
0.0
  0
LINE
  5
445
330
17
100
AcDbEntity
  8
表格
  6
Continuous
370
18
100
AcDbLine
 10
1200.0
 20
51.0
 30
0.0
 11
1200.0
 21
56.5
 31
0.0
  0
LINE
  5
446
330
17
100
AcDbEntity
  8
表格
  6
Continuous
370
18
100
AcDbLine
 10
1200.0
 20
56.5
 30
0.0
 11
1160.0
 21
56.5
 31
0.0
  0
LINE
  5
447
330
17
100
AcDbEntity
  8
表格
  6
Continuous
370
18
100
AcDbLine
 10
1160.0
 20
56.5
 30
0.0
 11
1160.0
 21
51.0
 31
0.0
  0
TEXT
  5
448
330
17
100
AcDbEntity
  8
表格
100
AcDbText
 10
1161.0
 20
53.75
 30
0.0
 40
1.7
  1
Std
  7
CN
 11
1161.0
 21
53.75
 31
0.0
100
AcDbText
 73
2
  0
LINE
  5
449
330
17
100
AcDbEntity
  8
表格
  6
Continuous
370
18
100
AcDbLine
 10
1200.0
 20
51.0
 30
0.0
 11
1320.0
 21
51.0
 31
0.0
  0
LINE
  5
44A
330
17
100
AcDbEntity
  8
表格
  6
Continuous
370
18
100
AcDbLine
 10
1320.0
 20
51.0
 30
0.0
 11
1320.0
 21
56.5
 31
0.0
  0
LINE
  5
44B
330
17
100
AcDbEntity
  8
表格
  6
Continuous
370
18
100
AcDbLine
 10
1320.0
 20
56.5
 30
0.0
 11
1200.0
 21
56.5
 31
0.0
  0
LINE
  5
44C
330
17
100
AcDbEntity
  8
表格
  6
Continuous
370
18
100
AcDbLine
 10
1200.0
 20
56.5
 30
0.0
 11
1200.0
 21
51.0
 31
0.0
  0
TEXT
  5
44D
330
17
100
AcDbEntity
  8
表格
100
AcDbText
 10
1201.0
 20
53.75
 30
0.0
 40
1.7
  1
HG/T20592-2009 PN25 DN250 WN
  7
CN
 11
1201.0
 21
53.75
 31
0.0
100
AcDbText
 73
2
  0
LINE
  5
44E
330
17
100
AcDbEntity
  8
表格
  6
Continuous
370
18
100
AcDbLine
 10
1160.0
 20
45.5
 30
0.0
 11
1200.0
 21
45.5
 31
0.0
  0
LINE
  5
44F
330
17
100
AcDbEntity
  8
表格
  6
Continuous
370
18
100
AcDbLine
 10
1200.0
 20
45.5
 30
0.0
 11
1200.0
 21
51.0
 31
0.0
  0
LINE
  5
450
330
17
100
AcDbEntity
  8
表格
  6
Continuous
370
18
100
AcDbLine
 10
1200.0
 20
51.0
 30
0.0
 11
1160.0
 21
51.0
 31
0.0
  0
LINE
  5
451
330
17
100
AcDbEntity
  8
表格
  6
Continuous
370
18
100
AcDbLine
 10
1160.0
 20
51.0
 30
0.0
 11
1160.0
 21
45.5
 31
0.0
  0
TEXT
  5
452
330
17
100
AcDbEntity
  8
表格
100
AcDbText
 10
1161.0
 20
48.25
 30
0.0
 40
1.7
  1
ID
  7
CN
 11
1161.0
 21
48.25
 31
0.0
100
AcDbText
 73
2
  0
LINE
  5
453
330
17
100
AcDbEntity
  8
表格
  6
Continuous
370
18
100
AcDbLine
 10
1200.0
 20
45.5
 30
0.0
 11
1320.0
 21
45.5
 31
0.0
  0
LINE
  5
454
330
17
100
AcDbEntity
  8
表格
  6
Continuous
370
18
100
AcDbLine
 10
1320.0
 20
45.5
 30
0.0
 11
1320.0
 21
51.0
 31
0.0
  0
LINE
  5
455
330
17
100
AcDbEntity
  8
表格
  6
Continuous
370
18
100
AcDbLine
 10
1320.0
 20
51.0
 30
0.0
 11
1200.0
 21
51.0
 31
0.0
  0
LINE
  5
456
330
17
100
AcDbEntity
  8
表格
  6
Continuous
370
18
100
AcDbLine
 10
1200.0
 20
51.0
 30
0.0
 11
1200.0
 21
45.5
 31
0.0
  0
TEXT
  5
457
330
17
100
AcDbEntity
  8
表格
100
AcDbText
 10
1201.0
 20
48.25
 30
0.0
 40
1.7
  1
Match pipe ID D=265.0
  7
CN
 11
1201.0
 21
48.25
 31
0.0
100
AcDbText
 73
2
  0
LINE
  5
458
330
17
100
AcDbEntity
  8
表格
  6
Continuous
370
18
100
AcDbLine
 10
1160.0
 20
40.0
 30
0.0
 11
1200.0
 21
40.0
 31
0.0
  0
LINE
  5
459
330
17
100
AcDbEntity
  8
表格
  6
Continuous
370
18
100
AcDbLine
 10
1200.0
 20
40.0
 30
0.0
 11
1200.0
 21
45.5
 31
0.0
  0
LINE
  5
45A
330
17
100
AcDbEntity
  8
表格
  6
Continuous
370
18
100
AcDbLine
 10
1200.0
 20
45.5
 30
0.0
 11
1160.0
 21
45.5
 31
0.0
  0
LINE
  5
45B
330
17
100
AcDbEntity
  8
表格
  6
Continuous
370
18
100
AcDbLine
 10
1160.0
 20
45.5
 30
0.0
 11
1160.0
 21
40.0
 31
0.0
  0
TEXT
  5
45C
330
17
100
AcDbEntity
  8
表格
100
AcDbText
 10
1161.0
 20
42.75
 30
0.0
 40
1.7
  1
Taps
  7
CN
 11
1161.0
 21
42.75
 31
0.0
100
AcDbText
 73
2
  0
LINE
  5
45D
330
17
100
AcDbEntity
  8
表格
  6
Continuous
370
18
100
AcDbLine
 10
1200.0
 20
40.0
 30
0.0
 11
1320.0
 21
40.0
 31
0.0
  0
LINE
  5
45E
330
17
100
AcDbEntity
  8
表格
  6
Continuous
370
18
100
AcDbLine
 10
1320.0
 20
40.0
 30
0.0
 11
1320.0
 21
45.5
 31
0.0
  0
LINE
  5
45F
330
17
100
AcDbEntity
  8
表格
  6
Continuous
370
18
100
AcDbLine
 10
1320.0
 20
45.5
 30
0.0
 11
1200.0
 21
45.5
 31
0.0
  0
LINE
  5
460
330
17
100
AcDbEntity
  8
表格
  6
Continuous
370
18
100
AcDbLine
 10
1200.0
 20
45.5
 30
0.0
 11
1200.0
 21
40.0
 31
0.0
  0
TEXT
  5
461
330
17
100
AcDbEntity
  8
表格
100
AcDbText
 10
1201.0
 20
42.75
 30
0.0
 40
1.7
  1
Flange taps; deburr inside
  7
CN
 11
1201.0
 21
42.75
 31
0.0
100
AcDbText
 73
2
  0
LINE
  5
462
330
17
100
AcDbEntity
  8
表格
  6
Continuous
370
18
100
AcDbLine
 10
1160.0
 20
34.5
 30
0.0
 11
1200.0
 21
34.5
 31
0.0
  0
LINE
  5
463
330
17
100
AcDbEntity
  8
表格
  6
Continuous
370
18
100
AcDbLine
 10
1200.0
 20
34.5
 30
0.0
 11
1200.0
 21
40.0
 31
0.0
  0
LINE
  5
464
330
17
100
AcDbEntity
  8
表格
  6
Continuous
370
18
100
AcDbLine
 10
1200.0
 20
40.0
 30
0.0
 11
1160.0
 21
40.0
 31
0.0
  0
LINE
  5
465
330
17
100
AcDbEntity
  8
表格
  6
Continuous
370
18
100
AcDbLine
 10
1160.0
 20
40.0
 30
0.0
 11
1160.0
 21
34.5
 31
0.0
  0
TEXT
  5
466
330
17
100
AcDbEntity
  8
表格
100
AcDbText
 10
1161.0
 20
37.25
 30
0.0
 40
1.7
  1
Weld
  7
CN
 11
1161.0
 21
37.25
 31
0.0
100
AcDbText
 73
2
  0
LINE
  5
467
330
17
100
AcDbEntity
  8
表格
  6
Continuous
370
18
100
AcDbLine
 10
1200.0
 20
34.5
 30
0.0
 11
1320.0
 21
34.5
 31
0.0
  0
LINE
  5
468
330
17
100
AcDbEntity
  8
表格
  6
Continuous
370
18
100
AcDbLine
 10
1320.0
 20
34.5
 30
0.0
 11
1320.0
 21
40.0
 31
0.0
  0
LINE
  5
469
330
17
100
AcDbEntity
  8
表格
  6
Continuous
370
18
100
AcDbLine
 10
1320.0
 20
40.0
 30
0.0
 11
1200.0
 21
40.0
 31
0.0
  0
LINE
  5
46A
330
17
100
AcDbEntity
  8
表格
  6
Continuous
370
18
100
AcDbLine
 10
1200.0
 20
40.0
 30
0.0
 11
1200.0
 21
34.5
 31
0.0
  0
TEXT
  5
46B
330
17
100
AcDbEntity
  8
表格
100
AcDbText
 10
1201.0
 20
37.25
 30
0.0
 40
1.7
  1
Nipple to flange OD per WPS
  7
CN
 11
1201.0
 21
37.25
 31
0.0
100
AcDbText
 73
2
  0
LINE
  5
46C
330
17
100
AcDbEntity
  8
表格
  6
Continuous
370
18
100
AcDbLine
 10
1160.0
 20
29.0
 30
0.0
 11
1200.0
 21
29.0
 31
0.0
  0
LINE
  5
46D
330
17
100
AcDbEntity
  8
表格
  6
Continuous
370
18
100
AcDbLine
 10
1200.0
 20
29.0
 30
0.0
 11
1200.0
 21
34.5
 31
0.0
  0
LINE
  5
46E
330
17
100
AcDbEntity
  8
表格
  6
Continuous
370
18
100
AcDbLine
 10
1200.0
 20
34.5
 30
0.0
 11
1160.0
 21
34.5
 31
0.0
  0
LINE
  5
46F
330
17
100
AcDbEntity
  8
表格
  6
Continuous
370
18
100
AcDbLine
 10
1160.0
 20
34.5
 30
0.0
 11
1160.0
 21
29.0
 31
0.0
  0
TEXT
  5
470
330
17
100
AcDbEntity
  8
表格
100
AcDbText
 10
1161.0
 20
31.75
 30
0.0
 40
1.7
  1
Face
  7
CN
 11
1161.0
 21
31.75
 31
0.0
100
AcDbText
 73
2
  0
LINE
  5
471
330
17
100
AcDbEntity
  8
表格
  6
Continuous
370
18
100
AcDbLine
 10
1200.0
 20
29.0
 30
0.0
 11
1320.0
 21
29.0
 31
0.0
  0
LINE
  5
472
330
17
100
AcDbEntity
  8
表格
  6
Continuous
370
18
100
AcDbLine
 10
1320.0
 20
29.0
 30
0.0
 11
1320.0
 21
34.5
 31
0.0
  0
LINE
  5
473
330
17
100
AcDbEntity
  8
表格
  6
Continuous
370
18
100
AcDbLine
 10
1320.0
 20
34.5
 30
0.0
 11
1200.0
 21
34.5
 31
0.0
  0
LINE
  5
474
330
17
100
AcDbEntity
  8
表格
  6
Continuous
370
18
100
AcDbLine
 10
1200.0
 20
34.5
 30
0.0
 11
1200.0
 21
29.0
 31
0.0
  0
TEXT
  5
475
330
17
100
AcDbEntity
  8
表格
100
AcDbText
 10
1201.0
 20
31.75
 30
0.0
 40
1.7
  1
RF Ra3.2
  7
CN
 11
1201.0
 21
31.75
 31
0.0
100
AcDbText
 73
2
  0
LINE
  5
476
330
17
100
AcDbEntity
  8
表格
  6
Continuous
370
18
100
AcDbLine
 10
1160.0
 20
23.5
 30
0.0
 11
1200.0
 21
23.5
 31
0.0
  0
LINE
  5
477
330
17
100
AcDbEntity
  8
表格
  6
Continuous
370
18
100
AcDbLine
 10
1200.0
 20
23.5
 30
0.0
 11
1200.0
 21
29.0
 31
0.0
  0
LINE
  5
478
330
17
100
AcDbEntity
  8
表格
  6
Continuous
370
18
100
AcDbLine
 10
1200.0
 20
29.0
 30
0.0
 11
1160.0
 21
29.0
 31
0.0
  0
LINE
  5
479
330
17
100
AcDbEntity
  8
表格
  6
Continuous
370
18
100
AcDbLine
 10
1160.0
 20
29.0
 30
0.0
 11
1160.0
 21
23.5
 31
0.0
  0
TEXT
  5
47A
330
17
100
AcDbEntity
  8
表格
100
AcDbText
 10
1161.0
 20
26.25
 30
0.0
 40
1.7
  1
Qty
  7
CN
 11
1161.0
 21
26.25
 31
0.0
100
AcDbText
 73
2
  0
LINE
  5
47B
330
17
100
AcDbEntity
  8
表格
  6
Continuous
370
18
100
AcDbLine
 10
1200.0
 20
23.5
 30
0.0
 11
1320.0
 21
23.5
 31
0.0
  0
LINE
  5
47C
330
17
100
AcDbEntity
  8
表格
  6
Continuous
370
18
100
AcDbLine
 10
1320.0
 20
23.5
 30
0.0
 11
1320.0
 21
29.0
 31
0.0
  0
LINE
  5
47D
330
17
100
AcDbEntity
  8
表格
  6
Continuous
370
18
100
AcDbLine
 10
1320.0
 20
29.0
 30
0.0
 11
1200.0
 21
29.0
 31
0.0
  0
LINE
  5
47E
330
17
100
AcDbEntity
  8
表格
  6
Continuous
370
18
100
AcDbLine
 10
1200.0
 20
29.0
 30
0.0
 11
1200.0
 21
23.5
 31
0.0
  0
TEXT
  5
47F
330
17
100
AcDbEntity
  8
表格
100
AcDbText
 10
1201.0
 20
26.25
 30
0.0
 40
1.7
  1
1 upstream + 1 downstream
  7
CN
 11
1201.0
 21
26.25
 31
0.0
100
AcDbText
 73
2
  0
LINE
  5
480
330
17
100
AcDbEntity
  8
表格
  6
Continuous
370
18
100
AcDbLine
 10
1160.0
 20
18.0
 30
0.0
 11
1200.0
 21
18.0
 31
0.0
  0
LINE
  5
481
330
17
100
AcDbEntity
  8
表格
  6
Continuous
370
18
100
AcDbLine
 10
1200.0
 20
18.0
 30
0.0
 11
1200.0
 21
23.5
 31
0.0
  0
LINE
  5
482
330
17
100
AcDbEntity
  8
表格
  6
Continuous
370
18
100
AcDbLine
 10
1200.0
 20
23.5
 30
0.0
 11
1160.0
 21
23.5
 31
0.0
  0
LINE
  5
483
330
17
100
AcDbEntity
  8
表格
  6
Continuous
370
18
100
AcDbLine
 10
1160.0
 20
23.5
 30
0.0
 11
1160.0
 21
18.0
 31
0.0
  0
TEXT
  5
484
330
17
100
AcDbEntity
  8
表格
100
AcDbText
 10
1161.0
 20
20.75
 30
0.0
 40
1.7
  1
Cryogenic
  7
CN
 11
1161.0
 21
20.75
 31
0.0
100
AcDbText
 73
2
  0
LINE
  5
485
330
17
100
AcDbEntity
  8
表格
  6
Continuous
370
18
100
AcDbLine
 10
1200.0
 20
18.0
 30
0.0
 11
1320.0
 21
18.0
 31
0.0
  0
LINE
  5
486
330
17
100
AcDbEntity
  8
表格
  6
Continuous
370
18
100
AcDbLine
 10
1320.0
 20
18.0
 30
0.0
 11
1320.0
 21
23.5
 31
0.0
  0
LINE
  5
487
330
17
100
AcDbEntity
  8
表格
  6
Continuous
370
18
100
AcDbLine
 10
1320.0
 20
23.5
 30
0.0
 11
1200.0
 21
23.5
 31
0.0
  0
LINE
  5
488
330
17
100
AcDbEntity
  8
表格
  6
Continuous
370
18
100
AcDbLine
 10
1200.0
 20
23.5
 30
0.0
 11
1200.0
 21
18.0
 31
0.0
  0
TEXT
  5
489
330
17
100
AcDbEntity
  8
表格
100
AcDbText
 10
1201.0
 20
20.75
 30
0.0
 40
1.7
  1
-162.0°C  solution anneal SS
  7
CN
 11
1201.0
 21
20.75
 31
0.0
100
AcDbText
 73
2
  0
ENDSEC
  0
SECTION
  2
OBJECTS
  0
DICTIONARY
  5
A
330
0
100
AcDbDictionary
281
1
  3
ACAD_COLOR
350
B
  3
ACAD_GROUP
350
C
  3
ACAD_LAYOUT
350
D
  3
ACAD_MATERIAL
350
E
  3
ACAD_MLEADERSTYLE
350
F
  3
ACAD_MLINESTYLE
350
10
  3
ACAD_PLOTSETTINGS
350
11
  3
ACAD_PLOTSTYLENAME
350
12
  3
ACAD_SCALELIST
350
14
  3
ACAD_TABLESTYLE
350
15
  3
ACAD_VISUALSTYLE
350
16
  3
EZDXF_META
350
2D
  0
DICTIONARY
  5
B
330
A
100
AcDbDictionary
281
1
  0
DICTIONARY
  5
C
330
A
100
AcDbDictionary
281
1
  0
DICTIONARY
  5
D
330
A
100
AcDbDictionary
281
1
  3
Model
350
1A
  3
Layout1
350
1E
  0
DICTIONARY
  5
E
330
A
100
AcDbDictionary
281
1
  3
ByBlock
350
1F
  3
ByLayer
350
20
  3
Global
350
21
  0
DICTIONARY
  5
F
330
A
100
AcDbDictionary
281
1
  3
Standard
350
2C
  0
DICTIONARY
  5
10
330
A
100
AcDbDictionary
281
1
  3
Standard
350
22
  0
DICTIONARY
  5
11
330
A
100
AcDbDictionary
281
1
  0
ACDBDICTIONARYWDFLT
  5
12
330
A
100
AcDbDictionary
281
1
  3
Normal
350
13
100
AcDbDictionaryWithDefault
340
13
  0
ACDBPLACEHOLDER
  5
13
330
12
  0
DICTIONARY
  5
14
330
A
100
AcDbDictionary
281
1
  0
DICTIONARY
  5
15
330
A
100
AcDbDictionary
281
1
  0
DICTIONARY
  5
16
330
A
100
AcDbDictionary
281
1
  3
2dWireframe
350
5A
  3
Basic
350
5B
  3
Brighten
350
5C
  3
ColorChange
350
5D
  3
Conceptual
350
5E
  3
Dim
350
5F
  3
EdgeColorOff
350
60
  3
Facepattern
350
61
  3
Flat
350
62
  3
FlatWithEdges
350
63
  3
Gouraud
350
64
  3
GouraudWithEdges
350
65
  3
Hidden
350
66
  3
JitterOff
350
67
  3
Linepattern
350
68
  3
Modeling
350
69
  3
OverhangOff
350
6A
  3
Realistic
350
6B
  3
Shaded
350
6C
  3
Shaded with edges
350
6D
  3
Shades of Gray
350
6E
  3
Sketchy
350
6F
  3
Thicken
350
70
  3
Wireframe
350
71
  3
X-Ray
350
72
  0
LAYOUT
  5
1A
330
D
100
AcDbPlotSettings
  1

  4
A3
  6

 40
7.5
 41
20.0
 42
7.5
 43
20.0
 44
420.0
 45
297.0
 46
0.0
 47
0.0
 48
0.0
 49
0.0
140
0.0
141
0.0
142
1.0
143
1.0
 70
1024
 72
1
 73
0
 74
5
  7

 75
16
 76
0
 77
2
 78
300
147
1.0
148
0.0
149
0.0
100
AcDbLayout
  1
Model
 70
1
 71
0
 10
0.0
 20
0.0
 11
420.0
 21
297.0
 12
0.0
 22
0.0
 32
0.0
 14
1e+20
 24
1e+20
 34
1e+20
 15
-1e+20
 25
-1e+20
 35
-1e+20
146
0.0
 13
0.0
 23
0.0
 33
0.0
 16
1.0
 26
0.0
 36
0.0
 17
0.0
 27
1.0
 37
0.0
 76
1
330
17
  0
LAYOUT
  5
1E
330
D
100
AcDbPlotSettings
  1

  4
A3
  6

 40
7.5
 41
20.0
 42
7.5
 43
20.0
 44
420.0
 45
297.0
 46
0.0
 47
0.0
 48
0.0
 49
0.0
140
0.0
141
0.0
142
1.0
143
1.0
 70
0
 72
1
 73
0
 74
5
  7

 75
16
 76
0
 77
2
 78
300
147
1.0
148
0.0
149
0.0
100
AcDbLayout
  1
Layout1
 70
1
 71
1
 10
0.0
 20
0.0
 11
420.0
 21
297.0
 12
0.0
 22
0.0
 32
0.0
 14
1e+20
 24
1e+20
 34
1e+20
 15
-1e+20
 25
-1e+20
 35
-1e+20
146
0.0
 13
0.0
 23
0.0
 33
0.0
 16
1.0
 26
0.0
 36
0.0
 17
0.0
 27
1.0
 37
0.0
 76
1
330
1B
  0
MATERIAL
  5
1F
102
{ACAD_REACTORS
330
E
102
}
330
E
100
AcDbMaterial
  1
ByBlock
  2

 70
0
 40
1.0
 71
1
 41
1.0
 91
-1023410177
 42
1.0
 72
1
  3

 73
1
 74
1
 75
1
 44
0.5
 73
0
 45
1.0
 46
1.0
 77
1
  4

 78
1
 79
1
170
1
 48
1.0
171
1
  6

172
1
173
1
174
1
140
1.0
141
1.0
175
1
  7

176
1
177
1
178
1
143
1.0
179
1
  8

270
1
271
1
272
1
145
1.0
146
1.0
273
1
  9

274
1
275
1
276
1
 42
1.0
 72
1
  3

 73
1
 74
1
 75
1
 94
63
  0
MATERIAL
  5
20
102
{ACAD_REACTORS
330
E
102
}
330
E
100
AcDbMaterial
  1
ByLayer
  2

 70
0
 40
1.0
 71
1
 41
1.0
 91
-1023410177
 42
1.0
 72
1
  3

 73
1
 74
1
 75
1
 44
0.5
 73
0
 45
1.0
 46
1.0
 77
1
  4

 78
1
 79
1
170
1
 48
1.0
171
1
  6

172
1
173
1
174
1
140
1.0
141
1.0
175
1
  7

176
1
177
1
178
1
143
1.0
179
1
  8

270
1
271
1
272
1
145
1.0
146
1.0
273
1
  9

274
1
275
1
276
1
 42
1.0
 72
1
  3

 73
1
 74
1
 75
1
 94
63
  0
MATERIAL
  5
21
102
{ACAD_REACTORS
330
E
102
}
330
E
100
AcDbMaterial
  1
Global
  2

 70
0
 40
1.0
 71
1
 41
1.0
 91
-1023410177
 42
1.0
 72
1
  3

 73
1
 74
1
 75
1
 44
0.5
 73
0
 45
1.0
 46
1.0
 77
1
  4

 78
1
 79
1
170
1
 48
1.0
171
1
  6

172
1
173
1
174
1
140
1.0
141
1.0
175
1
  7

176
1
177
1
178
1
143
1.0
179
1
  8

270
1
271
1
272
1
145
1.0
146
1.0
273
1
  9

274
1
275
1
276
1
 42
1.0
 72
1
  3

 73
1
 74
1
 75
1
 94
63
  0
MLINESTYLE
  5
22
102
{ACAD_REACTORS
330
10
102
}
330
10
100
AcDbMlineStyle
  2
Standard
 70
0
  3

 62
256
 51
90.0
 52
90.0
 71
2
 49
0.5
 62
256
  6
BYLAYER
 49
-0.5
 62
256
  6
BYLAYER
  0
MLEADERSTYLE
  5
2C
102
{ACAD_REACTORS
330
F
102
}
330
F
100
AcDbMLeaderStyle
179
2
170
2
171
1
172
0
 90
2
 40
0.0
 41
0.0
173
1
 91
-1056964608
 92
-2
290
1
 42
2.0
291
1
 43
8.0
  3
Standard
 44
4.0
300

342
29
174
1
175
1
176
0
178
1
 93
-1056964608
 45
4.0
292
0
297
0
 46
4.0
 94
-1056964608
 47
1.0
 49
1.0
140
1.0
294
1
141
0.0
177
0
142
1.0
295
0
296
0
143
3.75
271
0
272
9
273
9
  0
DICTIONARY
  5
2D
330
A
100
AcDbDictionary
280
1
281
1
  3
CREATED_BY_EZDXF
350
2E
  3
WRITTEN_BY_EZDXF
350
48D
  0
DICTIONARYVAR
  5
2E
330
2D
100
DictionaryVariables
280
0
  1
1.4.4 @ 2026-08-03T17:26:13.744559+00:00
  0
VISUALSTYLE
  5
5A
102
{ACAD_REACTORS
330
16
102
}
330
16
100
AcDbVisualStyle
  2
2dWireframe
 70
4
177
3
291
0
 70
58
 90
2
176
1
 90
2
176
1
 90
0
176
1
 90
0
176
1
 40
0.6
176
1
 40
30.0
176
1
 62
7
420
16777215
176
1
 90
1
176
1
 90
4
176
1
 62
7
176
1
 62
257
176
1
 90
1
176
1
 90
1
176
1
 40
1.0
176
1
 90
8
176
1
 62
7
176
1
 40
1.0
176
1
 90
1
176
1
 90
6
176
1
 90
2
176
1
 62
7
176
1
 90
5
176
1
 90
0
176
1
 90
0
176
1
290
0
176
1
 90
1
176
1
 40
0.0
176
1
 90
0
176
1
290
1
176
1
290
1
176
1
290
0
176
1
290
0
176
1
290
0
176
1
290
0
176
1
290
0
176
1
290
0
176
1
290
0
176
1
 90
50
176
1
 40
0.0
176
1
 40
1.0
176
1
 90
0
176
1
 62
18
420
0
176
1
 90
50
176
1
 90
3
176
1
 62
5
420
255
176
1
290
0
176
1
 90
50
176
1
 90
50
176
1
 90
50
176
1
290
0
176
1
 90
50
176
1
 62
256
176
0
 40
1.0
176
0
 90
2
176
1
  1
strokes_ogs.tif
176
1
290
0
176
1
 40
1.0
176
1
 40
1.0
176
1
  0
VISUALSTYLE
  5
5B
102
{ACAD_REACTORS
330
16
102
}
330
16
100
AcDbVisualStyle
  2
Basic
 70
7
177
3
291
1
 70
58
 90
2
176
1
 90
2
176
1
 90
0
176
1
 90
1
176
1
 40
0.6
176
1
 40
30.0
176
1
 62
7
420
16777215
176
1
 90
1
176
1
 90
4
176
1
 62
7
176
1
 62
257
176
1
 90
1
176
1
 90
1
176
1
 40
1.0
176
1
 90
8
176
1
 62
7
176
1
 40
1.0
176
1
 90
1
176
1
 90
6
176
1
 90
2
176
1
 62
7
176
1
 90
5
176
1
 90
0
176
1
 90
0
176
1
290
0
176
1
 90
1
176
1
 40
0.0
176
1
 90
0
176
1
290
0
176
1
290
1
176
1
290
1
176
1
290
0
176
1
290
0
176
1
290
0
176
1
290
0
176
1
290
0
176
1
290
0
176
1
 90
50
176
1
 40
0.0
176
1
 40
1.0
176
1
 90
0
176
1
 62
18
420
0
176
1
 90
50
176
1
 90
3
176
1
 62
5
420
255
176
1
290
0
176
1
 90
50
176
1
 90
50
176
1
 90
50
176
1
290
0
176
1
 90
50
176
1
 62
256
176
0
 40
1.0
176
0
 90
2
176
1
  1
strokes_ogs.tif
176
1
290
0
176
1
 40
1.0
176
1
 40
1.0
176
1
  0
VISUALSTYLE
  5
5C
102
{ACAD_REACTORS
330
16
102
}
330
16
100
AcDbVisualStyle
  2
Brighten
 70
12
177
3
291
1
 70
58
 90
2
176
1
 90
2
176
1
 90
0
176
1
 90
2
176
1
 40
0.6
176
1
 40
30.0
176
1
 62
7
420
16777215
176
1
 90
1
176
1
 90
4
176
1
 62
7
176
1
 62
257
176
1
 90
1
176
1
 90
1
176
1
 40
1.0
176
1
 90
8
176
1
 62
7
176
1
 40
1.0
176
1
 90
1
176
1
 90
6
176
1
 90
2
176
1
 62
7
176
1
 90
5
176
1
 90
0
176
1
 90
0
176
1
290
0
176
1
 90
1
176
1
 40
0.0
176
1
 90
0
176
1
290
0
176
1
290
1
176
1
290
1
176
1
290
0
176
1
290
0
176
1
290
0
176
1
290
0
176
1
290
0
176
1
290
0
176
1
 90
50
176
1
 40
0.0
176
1
 40
1.0
176
1
 90
0
176
1
 62
18
420
0
176
1
 90
50
176
1
 90
3
176
1
 62
5
420
255
176
1
290
0
176
1
 90
50
176
1
 90
50
176
1
 90
50
176
1
290
0
176
1
 90
50
176
1
 62
256
176
0
 40
1.0
176
0
 90
2
176
1
  1
strokes_ogs.tif
176
1
290
0
176
1
 40
1.0
176
1
 40
1.0
176
1
  0
VISUALSTYLE
  5
5D
102
{ACAD_REACTORS
330
16
102
}
330
16
100
AcDbVisualStyle
  2
ColorChange
 70
16
177
3
291
1
 70
58
 90
2
176
1
 90
2
176
1
 90
0
176
1
 90
2
176
1
 40
0.6
176
1
 40
30.0
176
1
 62
7
420
16777215
176
1
 90
1
176
1
 90
4
176
1
 62
7
176
1
 62
257
176
1
 90
1
176
1
 90
1
176
1
 40
1.0
176
1
 90
8
176
1
 62
7
176
1
 40
1.0
176
1
 90
1
176
1
 90
6
176
1
 90
2
176
1
 62
7
176
1
 90
5
176
1
 90
0
176
1
 90
0
176
1
290
0
176
1
 90
1
176
1
 40
0.0
176
1
 90
0
176
1
290
0
176
1
290
1
176
1
290
1
176
1
290
0
176
1
290
0
176
1
290
0
176
1
290
0
176
1
290
0
176
1
290
0
176
1
 90
50
176
1
 40
0.0
176
1
 40
1.0
176
1
 90
0
176
1
 62
18
420
0
176
1
 90
50
176
1
 90
3
176
1
 62
5
420
255
176
1
290
0
176
1
 90
50
176
1
 90
50
176
1
 90
50
176
1
290
0
176
1
 90
50
176
1
 62
256
176
0
 40
1.0
176
0
 90
2
176
1
  1
strokes_ogs.tif
176
1
290
0
176
1
 40
1.0
176
1
 40
1.0
176
1
  0
VISUALSTYLE
  5
5E
102
{ACAD_REACTORS
330
16
102
}
330
16
100
AcDbVisualStyle
  2
Conceptual
 70
9
177
3
291
0
 70
58
 90
2
176
1
 90
2
176
1
 90
0
176
1
 90
3
176
1
 40
0.6
176
1
 40
30.0
176
1
 62
7
420
16777215
176
1
 90
1
176
1
 90
4
176
1
 62
7
176
1
 62
257
176
1
 90
1
176
1
 90
1
176
1
 40
1.0
176
1
 90
8
176
1
 62
7
176
1
 40
1.0
176
1
 90
1
176
1
 90
6
176
1
 90
2
176
1
 62
7
176
1
 90
5
176
1
 90
0
176
1
 90
0
176
1
290
0
176
1
 90
1
176
1
 40
0.0
176
1
 90
0
176
1
290
0
176
1
290
1
176
1
290
1
176
1
290
0
176
1
290
0
176
1
290
0
176
1
290
0
176
1
290
0
176
1
290
0
176
1
 90
50
176
1
 40
0.0
176
1
 40
1.0
176
1
 90
0
176
1
 62
18
420
0
176
1
 90
50
176
1
 90
3
176
1
 62
5
420
255
176
1
290
0
176
1
 90
50
176
1
 90
50
176
1
 90
50
176
1
290
0
176
1
 90
50
176
1
 62
256
176
0
 40
1.0
176
0
 90
2
176
1
  1
strokes_ogs.tif
176
1
290
0
176
1
 40
1.0
176
1
 40
1.0
176
1
  0
VISUALSTYLE
  5
5F
102
{ACAD_REACTORS
330
16
102
}
330
16
100
AcDbVisualStyle
  2
Dim
 70
11
177
3
291
1
 70
58
 90
2
176
1
 90
2
176
1
 90
0
176
1
 90
2
176
1
 40
0.6
176
1
 40
30.0
176
1
 62
7
420
16777215
176
1
 90
1
176
1
 90
4
176
1
 62
7
176
1
 62
257
176
1
 90
1
176
1
 90
1
176
1
 40
1.0
176
1
 90
8
176
1
 62
7
176
1
 40
1.0
176
1
 90
1
176
1
 90
6
176
1
 90
2
176
1
 62
7
176
1
 90
5
176
1
 90
0
176
1
 90
0
176
1
290
0
176
1
 90
1
176
1
 40
0.0
176
1
 90
0
176
1
290
0
176
1
290
1
176
1
290
1
176
1
290
0
176
1
290
0
176
1
290
0
176
1
290
0
176
1
290
0
176
1
290
0
176
1
 90
50
176
1
 40
0.0
176
1
 40
1.0
176
1
 90
0
176
1
 62
18
420
0
176
1
 90
50
176
1
 90
3
176
1
 62
5
420
255
176
1
290
0
176
1
 90
50
176
1
 90
50
176
1
 90
50
176
1
290
0
176
1
 90
50
176
1
 62
256
176
0
 40
1.0
176
0
 90
2
176
1
  1
strokes_ogs.tif
176
1
290
0
176
1
 40
1.0
176
1
 40
1.0
176
1
  0
VISUALSTYLE
  5
60
102
{ACAD_REACTORS
330
16
102
}
330
16
100
AcDbVisualStyle
  2
EdgeColorOff
 70
22
177
3
291
1
 70
58
 90
2
176
1
 90
2
176
1
 90
0
176
1
 90
2
176
1
 40
0.6
176
1
 40
30.0
176
1
 62
7
420
16777215
176
1
 90
1
176
1
 90
4
176
1
 62
7
176
1
 62
257
176
1
 90
1
176
1
 90
1
176
1
 40
1.0
176
1
 90
8
176
1
 62
7
176
1
 40
1.0
176
1
 90
1
176
1
 90
6
176
1
 90
2
176
1
 62
7
176
1
 90
5
176
1
 90
0
176
1
 90
0
176
1
290
0
176
1
 90
1
176
1
 40
0.0
176
1
 90
0
176
1
290
0
176
1
290
1
176
1
290
1
176
1
290
0
176
1
290
0
176
1
290
0
176
1
290
0
176
1
290
0
176
1
290
0
176
1
 90
50
176
1
 40
0.0
176
1
 40
1.0
176
1
 90
0
176
1
 62
18
420
0
176
1
 90
50
176
1
 90
3
176
1
 62
5
420
255
176
1
290
0
176
1
 90
50
176
1
 90
50
176
1
 90
50
176
1
290
0
176
1
 90
50
176
1
 62
256
176
0
 40
1.0
176
0
 90
2
176
1
  1
strokes_ogs.tif
176
1
290
0
176
1
 40
1.0
176
1
 40
1.0
176
1
  0
VISUALSTYLE
  5
61
102
{ACAD_REACTORS
330
16
102
}
330
16
100
AcDbVisualStyle
  2
Facepattern
 70
15
177
3
291
1
 70
58
 90
2
176
1
 90
2
176
1
 90
0
176
1
 90
2
176
1
 40
0.6
176
1
 40
30.0
176
1
 62
7
420
16777215
176
1
 90
1
176
1
 90
4
176
1
 62
7
176
1
 62
257
176
1
 90
1
176
1
 90
1
176
1
 40
1.0
176
1
 90
8
176
1
 62
7
176
1
 40
1.0
176
1
 90
1
176
1
 90
6
176
1
 90
2
176
1
 62
7
176
1
 90
5
176
1
 90
0
176
1
 90
0
176
1
290
0
176
1
 90
1
176
1
 40
0.0
176
1
 90
0
176
1
290
0
176
1
290
1
176
1
290
1
176
1
290
0
176
1
290
0
176
1
290
0
176
1
290
0
176
1
290
0
176
1
290
0
176
1
 90
50
176
1
 40
0.0
176
1
 40
1.0
176
1
 90
0
176
1
 62
18
420
0
176
1
 90
50
176
1
 90
3
176
1
 62
5
420
255
176
1
290
0
176
1
 90
50
176
1
 90
50
176
1
 90
50
176
1
290
0
176
1
 90
50
176
1
 62
256
176
0
 40
1.0
176
0
 90
2
176
1
  1
strokes_ogs.tif
176
1
290
0
176
1
 40
1.0
176
1
 40
1.0
176
1
  0
VISUALSTYLE
  5
62
102
{ACAD_REACTORS
330
16
102
}
330
16
100
AcDbVisualStyle
  2
Flat
 70
0
177
3
291
1
 70
58
 90
2
176
1
 90
2
176
1
 90
0
176
1
 90
2
176
1
 40
0.6
176
1
 40
30.0
176
1
 62
7
420
16777215
176
1
 90
1
176
1
 90
4
176
1
 62
7
176
1
 62
257
176
1
 90
1
176
1
 90
1
176
1
 40
1.0
176
1
 90
8
176
1
 62
7
176
1
 40
1.0
176
1
 90
1
176
1
 90
6
176
1
 90
2
176
1
 62
7
176
1
 90
5
176
1
 90
0
176
1
 90
0
176
1
290
0
176
1
 90
1
176
1
 40
0.0
176
1
 90
0
176
1
290
0
176
1
290
1
176
1
290
1
176
1
290
0
176
1
290
0
176
1
290
0
176
1
290
0
176
1
290
0
176
1
290
0
176
1
 90
50
176
1
 40
0.0
176
1
 40
1.0
176
1
 90
0
176
1
 62
18
420
0
176
1
 90
50
176
1
 90
3
176
1
 62
5
420
255
176
1
290
0
176
1
 90
50
176
1
 90
50
176
1
 90
50
176
1
290
0
176
1
 90
50
176
1
 62
256
176
0
 40
1.0
176
0
 90
2
176
1
  1
strokes_ogs.tif
176
1
290
0
176
1
 40
1.0
176
1
 40
1.0
176
1
  0
VISUALSTYLE
  5
63
102
{ACAD_REACTORS
330
16
102
}
330
16
100
AcDbVisualStyle
  2
FlatWithEdges
 70
1
177
3
291
1
 70
58
 90
2
176
1
 90
2
176
1
 90
0
176
1
 90
2
176
1
 40
0.6
176
1
 40
30.0
176
1
 62
7
420
16777215
176
1
 90
1
176
1
 90
4
176
1
 62
7
176
1
 62
257
176
1
 90
1
176
1
 90
1
176
1
 40
1.0
176
1
 90
8
176
1
 62
7
176
1
 40
1.0
176
1
 90
1
176
1
 90
6
176
1
 90
2
176
1
 62
7
176
1
 90
5
176
1
 90
0
176
1
 90
0
176
1
290
0
176
1
 90
1
176
1
 40
0.0
176
1
 90
0
176
1
290
0
176
1
290
1
176
1
290
1
176
1
290
0
176
1
290
0
176
1
290
0
176
1
290
0
176
1
290
0
176
1
290
0
176
1
 90
50
176
1
 40
0.0
176
1
 40
1.0
176
1
 90
0
176
1
 62
18
420
0
176
1
 90
50
176
1
 90
3
176
1
 62
5
420
255
176
1
290
0
176
1
 90
50
176
1
 90
50
176
1
 90
50
176
1
290
0
176
1
 90
50
176
1
 62
256
176
0
 40
1.0
176
0
 90
2
176
1
  1
strokes_ogs.tif
176
1
290
0
176
1
 40
1.0
176
1
 40
1.0
176
1
  0
VISUALSTYLE
  5
64
102
{ACAD_REACTORS
330
16
102
}
330
16
100
AcDbVisualStyle
  2
Gouraud
 70
2
177
3
291
1
 70
58
 90
2
176
1
 90
2
176
1
 90
0
176
1
 90
2
176
1
 40
0.6
176
1
 40
30.0
176
1
 62
7
420
16777215
176
1
 90
1
176
1
 90
4
176
1
 62
7
176
1
 62
257
176
1
 90
1
176
1
 90
1
176
1
 40
1.0
176
1
 90
8
176
1
 62
7
176
1
 40
1.0
176
1
 90
1
176
1
 90
6
176
1
 90
2
176
1
 62
7
176
1
 90
5
176
1
 90
0
176
1
 90
0
176
1
290
0
176
1
 90
1
176
1
 40
0.0
176
1
 90
0
176
1
290
0
176
1
290
1
176
1
290
1
176
1
290
0
176
1
290
0
176
1
290
0
176
1
290
0
176
1
290
0
176
1
290
0
176
1
 90
50
176
1
 40
0.0
176
1
 40
1.0
176
1
 90
0
176
1
 62
18
420
0
176
1
 90
50
176
1
 90
3
176
1
 62
5
420
255
176
1
290
0
176
1
 90
50
176
1
 90
50
176
1
 90
50
176
1
290
0
176
1
 90
50
176
1
 62
256
176
0
 40
1.0
176
0
 90
2
176
1
  1
strokes_ogs.tif
176
1
290
0
176
1
 40
1.0
176
1
 40
1.0
176
1
  0
VISUALSTYLE
  5
65
102
{ACAD_REACTORS
330
16
102
}
330
16
100
AcDbVisualStyle
  2
GouraudWithEdges
 70
3
177
3
291
1
 70
58
 90
2
176
1
 90
2
176
1
 90
0
176
1
 90
2
176
1
 40
0.6
176
1
 40
30.0
176
1
 62
7
420
16777215
176
1
 90
1
176
1
 90
4
176
1
 62
7
176
1
 62
257
176
1
 90
1
176
1
 90
1
176
1
 40
1.0
176
1
 90
8
176
1
 62
7
176
1
 40
1.0
176
1
 90
1
176
1
 90
6
176
1
 90
2
176
1
 62
7
176
1
 90
5
176
1
 90
0
176
1
 90
0
176
1
290
0
176
1
 90
1
176
1
 40
0.0
176
1
 90
0
176
1
290
0
176
1
290
1
176
1
290
1
176
1
290
0
176
1
290
0
176
1
290
0
176
1
290
0
176
1
290
0
176
1
290
0
176
1
 90
50
176
1
 40
0.0
176
1
 40
1.0
176
1
 90
0
176
1
 62
18
420
0
176
1
 90
50
176
1
 90
3
176
1
 62
5
420
255
176
1
290
0
176
1
 90
50
176
1
 90
50
176
1
 90
50
176
1
290
0
176
1
 90
50
176
1
 62
256
176
0
 40
1.0
176
0
 90
2
176
1
  1
strokes_ogs.tif
176
1
290
0
176
1
 40
1.0
176
1
 40
1.0
176
1
  0
VISUALSTYLE
  5
66
102
{ACAD_REACTORS
330
16
102
}
330
16
100
AcDbVisualStyle
  2
Hidden
 70
6
177
3
291
0
 70
58
 90
2
176
1
 90
2
176
1
 90
0
176
1
 90
1
176
1
 40
0.6
176
1
 40
30.0
176
1
 62
7
420
16777215
176
1
 90
1
176
1
 90
4
176
1
 62
7
176
1
 62
257
176
1
 90
1
176
1
 90
1
176
1
 40
1.0
176
1
 90
8
176
1
 62
7
176
1
 40
1.0
176
1
 90
1
176
1
 90
6
176
1
 90
2
176
1
 62
7
176
1
 90
5
176
1
 90
0
176
1
 90
0
176
1
290
0
176
1
 90
1
176
1
 40
0.0
176
1
 90
0
176
1
290
0
176
1
290
1
176
1
290
1
176
1
290
0
176
1
290
0
176
1
290
0
176
1
290
0
176
1
290
0
176
1
290
0
176
1
 90
50
176
1
 40
0.0
176
1
 40
1.0
176
1
 90
0
176
1
 62
18
420
0
176
1
 90
50
176
1
 90
3
176
1
 62
5
420
255
176
1
290
0
176
1
 90
50
176
1
 90
50
176
1
 90
50
176
1
290
0
176
1
 90
50
176
1
 62
256
176
0
 40
1.0
176
0
 90
2
176
1
  1
strokes_ogs.tif
176
1
290
0
176
1
 40
1.0
176
1
 40
1.0
176
1
  0
VISUALSTYLE
  5
67
102
{ACAD_REACTORS
330
16
102
}
330
16
100
AcDbVisualStyle
  2
JitterOff
 70
20
177
3
291
1
 70
58
 90
2
176
1
 90
2
176
1
 90
0
176
1
 90
2
176
1
 40
0.6
176
1
 40
30.0
176
1
 62
7
420
16777215
176
1
 90
1
176
1
 90
4
176
1
 62
7
176
1
 62
257
176
1
 90
1
176
1
 90
1
176
1
 40
1.0
176
1
 90
8
176
1
 62
7
176
1
 40
1.0
176
1
 90
1
176
1
 90
6
176
1
 90
2
176
1
 62
7
176
1
 90
5
176
1
 90
0
176
1
 90
0
176
1
290
0
176
1
 90
1
176
1
 40
0.0
176
1
 90
0
176
1
290
0
176
1
290
1
176
1
290
1
176
1
290
0
176
1
290
0
176
1
290
0
176
1
290
0
176
1
290
0
176
1
290
0
176
1
 90
50
176
1
 40
0.0
176
1
 40
1.0
176
1
 90
0
176
1
 62
18
420
0
176
1
 90
50
176
1
 90
3
176
1
 62
5
420
255
176
1
290
0
176
1
 90
50
176
1
 90
50
176
1
 90
50
176
1
290
0
176
1
 90
50
176
1
 62
256
176
0
 40
1.0
176
0
 90
2
176
1
  1
strokes_ogs.tif
176
1
290
0
176
1
 40
1.0
176
1
 40
1.0
176
1
  0
VISUALSTYLE
  5
68
102
{ACAD_REACTORS
330
16
102
}
330
16
100
AcDbVisualStyle
  2
Linepattern
 70
14
177
3
291
1
 70
58
 90
2
176
1
 90
2
176
1
 90
0
176
1
 90
2
176
1
 40
0.6
176
1
 40
30.0
176
1
 62
7
420
16777215
176
1
 90
1
176
1
 90
4
176
1
 62
7
176
1
 62
257
176
1
 90
1
176
1
 90
1
176
1
 40
1.0
176
1
 90
8
176
1
 62
7
176
1
 40
1.0
176
1
 90
1
176
1
 90
6
176
1
 90
2
176
1
 62
7
176
1
 90
5
176
1
 90
0
176
1
 90
0
176
1
290
0
176
1
 90
1
176
1
 40
0.0
176
1
 90
0
176
1
290
0
176
1
290
1
176
1
290
1
176
1
290
0
176
1
290
0
176
1
290
0
176
1
290
0
176
1
290
0
176
1
290
0
176
1
 90
50
176
1
 40
0.0
176
1
 40
1.0
176
1
 90
0
176
1
 62
18
420
0
176
1
 90
50
176
1
 90
3
176
1
 62
5
420
255
176
1
290
0
176
1
 90
50
176
1
 90
50
176
1
 90
50
176
1
290
0
176
1
 90
50
176
1
 62
256
176
0
 40
1.0
176
0
 90
2
176
1
  1
strokes_ogs.tif
176
1
290
0
176
1
 40
1.0
176
1
 40
1.0
176
1
  0
VISUALSTYLE
  5
69
102
{ACAD_REACTORS
330
16
102
}
330
16
100
AcDbVisualStyle
  2
Modeling
 70
10
177
3
291
0
 70
58
 90
2
176
1
 90
2
176
1
 90
0
176
1
 90
2
176
1
 40
0.6
176
1
 40
30.0
176
1
 62
7
420
16777215
176
1
 90
1
176
1
 90
4
176
1
 62
7
176
1
 62
257
176
1
 90
1
176
1
 90
1
176
1
 40
1.0
176
1
 90
8
176
1
 62
7
176
1
 40
1.0
176
1
 90
1
176
1
 90
6
176
1
 90
2
176
1
 62
7
176
1
 90
5
176
1
 90
0
176
1
 90
0
176
1
290
0
176
1
 90
1
176
1
 40
0.0
176
1
 90
0
176
1
290
0
176
1
290
1
176
1
290
1
176
1
290
0
176
1
290
0
176
1
290
0
176
1
290
0
176
1
290
0
176
1
290
0
176
1
 90
50
176
1
 40
0.0
176
1
 40
1.0
176
1
 90
0
176
1
 62
18
420
0
176
1
 90
50
176
1
 90
3
176
1
 62
5
420
255
176
1
290
0
176
1
 90
50
176
1
 90
50
176
1
 90
50
176
1
290
0
176
1
 90
50
176
1
 62
256
176
0
 40
1.0
176
0
 90
2
176
1
  1
strokes_ogs.tif
176
1
290
0
176
1
 40
1.0
176
1
 40
1.0
176
1
  0
VISUALSTYLE
  5
6A
102
{ACAD_REACTORS
330
16
102
}
330
16
100
AcDbVisualStyle
  2
OverhangOff
 70
21
177
3
291
1
 70
58
 90
2
176
1
 90
2
176
1
 90
0
176
1
 90
2
176
1
 40
0.6
176
1
 40
30.0
176
1
 62
7
420
16777215
176
1
 90
1
176
1
 90
4
176
1
 62
7
176
1
 62
257
176
1
 90
1
176
1
 90
1
176
1
 40
1.0
176
1
 90
8
176
1
 62
7
176
1
 40
1.0
176
1
 90
1
176
1
 90
6
176
1
 90
2
176
1
 62
7
176
1
 90
5
176
1
 90
0
176
1
 90
0
176
1
290
0
176
1
 90
1
176
1
 40
0.0
176
1
 90
0
176
1
290
0
176
1
290
1
176
1
290
1
176
1
290
0
176
1
290
0
176
1
290
0
176
1
290
0
176
1
290
0
176
1
290
0
176
1
 90
50
176
1
 40
0.0
176
1
 40
1.0
176
1
 90
0
176
1
 62
18
420
0
176
1
 90
50
176
1
 90
3
176
1
 62
5
420
255
176
1
290
0
176
1
 90
50
176
1
 90
50
176
1
 90
50
176
1
290
0
176
1
 90
50
176
1
 62
256
176
0
 40
1.0
176
0
 90
2
176
1
  1
strokes_ogs.tif
176
1
290
0
176
1
 40
1.0
176
1
 40
1.0
176
1
  0
VISUALSTYLE
  5
6B
102
{ACAD_REACTORS
330
16
102
}
330
16
100
AcDbVisualStyle
  2
Realistic
 70
8
177
3
291
0
 70
58
 90
2
176
1
 90
2
176
1
 90
0
176
1
 90
2
176
1
 40
0.6
176
1
 40
30.0
176
1
 62
7
420
16777215
176
1
 90
1
176
1
 90
4
176
1
 62
7
176
1
 62
257
176
1
 90
1
176
1
 90
1
176
1
 40
1.0
176
1
 90
8
176
1
 62
7
176
1
 40
1.0
176
1
 90
1
176
1
 90
6
176
1
 90
2
176
1
 62
7
176
1
 90
5
176
1
 90
0
176
1
 90
0
176
1
290
0
176
1
 90
1
176
1
 40
0.0
176
1
 90
0
176
1
290
0
176
1
290
1
176
1
290
1
176
1
290
0
176
1
290
0
176
1
290
0
176
1
290
0
176
1
290
0
176
1
290
0
176
1
 90
50
176
1
 40
0.0
176
1
 40
1.0
176
1
 90
0
176
1
 62
18
420
0
176
1
 90
50
176
1
 90
3
176
1
 62
5
420
255
176
1
290
0
176
1
 90
50
176
1
 90
50
176
1
 90
50
176
1
290
0
176
1
 90
50
176
1
 62
256
176
0
 40
1.0
176
0
 90
2
176
1
  1
strokes_ogs.tif
176
1
290
0
176
1
 40
1.0
176
1
 40
1.0
176
1
  0
VISUALSTYLE
  5
6C
102
{ACAD_REACTORS
330
16
102
}
330
16
100
AcDbVisualStyle
  2
Shaded
 70
27
177
3
291
0
 70
58
 90
2
176
1
 90
2
176
1
 90
0
176
1
 90
2
176
1
 40
0.6
176
1
 40
30.0
176
1
 62
7
420
16777215
176
1
 90
1
176
1
 90
4
176
1
 62
7
176
1
 62
257
176
1
 90
1
176
1
 90
1
176
1
 40
1.0
176
1
 90
8
176
1
 62
7
176
1
 40
1.0
176
1
 90
1
176
1
 90
6
176
1
 90
2
176
1
 62
7
176
1
 90
5
176
1
 90
0
176
1
 90
0
176
1
290
0
176
1
 90
1
176
1
 40
0.0
176
1
 90
0
176
1
290
0
176
1
290
1
176
1
290
1
176
1
290
0
176
1
290
0
176
1
290
0
176
1
290
0
176
1
290
0
176
1
290
0
176
1
 90
50
176
1
 40
0.0
176
1
 40
1.0
176
1
 90
0
176
1
 62
18
420
0
176
1
 90
50
176
1
 90
3
176
1
 62
5
420
255
176
1
290
0
176
1
 90
50
176
1
 90
50
176
1
 90
50
176
1
290
0
176
1
 90
50
176
1
 62
256
176
0
 40
1.0
176
0
 90
2
176
1
  1
strokes_ogs.tif
176
1
290
0
176
1
 40
1.0
176
1
 40
1.0
176
1
  0
VISUALSTYLE
  5
6D
102
{ACAD_REACTORS
330
16
102
}
330
16
100
AcDbVisualStyle
  2
Shaded with edges
 70
26
177
3
291
0
 70
58
 90
2
176
1
 90
2
176
1
 90
0
176
1
 90
2
176
1
 40
0.6
176
1
 40
30.0
176
1
 62
7
420
16777215
176
1
 90
1
176
1
 90
4
176
1
 62
7
176
1
 62
257
176
1
 90
1
176
1
 90
1
176
1
 40
1.0
176
1
 90
8
176
1
 62
7
176
1
 40
1.0
176
1
 90
1
176
1
 90
6
176
1
 90
2
176
1
 62
7
176
1
 90
5
176
1
 90
0
176
1
 90
0
176
1
290
0
176
1
 90
1
176
1
 40
0.0
176
1
 90
0
176
1
290
0
176
1
290
1
176
1
290
1
176
1
290
0
176
1
290
0
176
1
290
0
176
1
290
0
176
1
290
0
176
1
290
0
176
1
 90
50
176
1
 40
0.0
176
1
 40
1.0
176
1
 90
0
176
1
 62
18
420
0
176
1
 90
50
176
1
 90
3
176
1
 62
5
420
255
176
1
290
0
176
1
 90
50
176
1
 90
50
176
1
 90
50
176
1
290
0
176
1
 90
50
176
1
 62
256
176
0
 40
1.0
176
0
 90
2
176
1
  1
strokes_ogs.tif
176
1
290
0
176
1
 40
1.0
176
1
 40
1.0
176
1
  0
VISUALSTYLE
  5
6E
102
{ACAD_REACTORS
330
16
102
}
330
16
100
AcDbVisualStyle
  2
Shades of Gray
 70
23
177
3
291
0
 70
58
 90
2
176
1
 90
2
176
1
 90
0
176
1
 90
2
176
1
 40
0.6
176
1
 40
30.0
176
1
 62
7
420
16777215
176
1
 90
1
176
1
 90
4
176
1
 62
7
176
1
 62
257
176
1
 90
1
176
1
 90
1
176
1
 40
1.0
176
1
 90
8
176
1
 62
7
176
1
 40
1.0
176
1
 90
1
176
1
 90
6
176
1
 90
2
176
1
 62
7
176
1
 90
5
176
1
 90
0
176
1
 90
0
176
1
290
0
176
1
 90
1
176
1
 40
0.0
176
1
 90
0
176
1
290
0
176
1
290
1
176
1
290
1
176
1
290
0
176
1
290
0
176
1
290
0
176
1
290
0
176
1
290
0
176
1
290
0
176
1
 90
50
176
1
 40
0.0
176
1
 40
1.0
176
1
 90
0
176
1
 62
18
420
0
176
1
 90
50
176
1
 90
3
176
1
 62
5
420
255
176
1
290
0
176
1
 90
50
176
1
 90
50
176
1
 90
50
176
1
290
0
176
1
 90
50
176
1
 62
256
176
0
 40
1.0
176
0
 90
2
176
1
  1
strokes_ogs.tif
176
1
290
0
176
1
 40
1.0
176
1
 40
1.0
176
1
  0
VISUALSTYLE
  5
6F
102
{ACAD_REACTORS
330
16
102
}
330
16
100
AcDbVisualStyle
  2
Sketchy
 70
24
177
3
291
0
 70
58
 90
2
176
1
 90
2
176
1
 90
0
176
1
 90
1
176
1
 40
0.6
176
1
 40
30.0
176
1
 62
7
420
16777215
176
1
 90
1
176
1
 90
4
176
1
 62
7
176
1
 62
257
176
1
 90
1
176
1
 90
1
176
1
 40
1.0
176
1
 90
8
176
1
 62
7
176
1
 40
1.0
176
1
 90
1
176
1
 90
6
176
1
 90
2
176
1
 62
7
176
1
 90
5
176
1
 90
0
176
1
 90
0
176
1
290
0
176
1
 90
1
176
1
 40
0.0
176
1
 90
0
176
1
290
0
176
1
290
1
176
1
290
1
176
1
290
0
176
1
290
0
176
1
290
0
176
1
290
0
176
1
290
0
176
1
290
0
176
1
 90
50
176
1
 40
0.0
176
1
 40
1.0
176
1
 90
0
176
1
 62
18
420
0
176
1
 90
50
176
1
 90
3
176
1
 62
5
420
255
176
1
290
0
176
1
 90
50
176
1
 90
50
176
1
 90
50
176
1
290
0
176
1
 90
50
176
1
 62
256
176
0
 40
1.0
176
0
 90
2
176
1
  1
strokes_ogs.tif
176
1
290
0
176
1
 40
1.0
176
1
 40
1.0
176
1
  0
VISUALSTYLE
  5
70
102
{ACAD_REACTORS
330
16
102
}
330
16
100
AcDbVisualStyle
  2
Thicken
 70
13
177
3
291
1
 70
58
 90
2
176
1
 90
2
176
1
 90
0
176
1
 90
2
176
1
 40
0.6
176
1
 40
30.0
176
1
 62
7
420
16777215
176
1
 90
1
176
1
 90
4
176
1
 62
7
176
1
 62
257
176
1
 90
1
176
1
 90
1
176
1
 40
1.0
176
1
 90
8
176
1
 62
7
176
1
 40
1.0
176
1
 90
1
176
1
 90
6
176
1
 90
2
176
1
 62
7
176
1
 90
5
176
1
 90
0
176
1
 90
0
176
1
290
0
176
1
 90
1
176
1
 40
0.0
176
1
 90
0
176
1
290
0
176
1
290
1
176
1
290
1
176
1
290
0
176
1
290
0
176
1
290
0
176
1
290
0
176
1
290
0
176
1
290
0
176
1
 90
50
176
1
 40
0.0
176
1
 40
1.0
176
1
 90
0
176
1
 62
18
420
0
176
1
 90
50
176
1
 90
3
176
1
 62
5
420
255
176
1
290
0
176
1
 90
50
176
1
 90
50
176
1
 90
50
176
1
290
0
176
1
 90
50
176
1
 62
256
176
0
 40
1.0
176
0
 90
2
176
1
  1
strokes_ogs.tif
176
1
290
0
176
1
 40
1.0
176
1
 40
1.0
176
1
  0
VISUALSTYLE
  5
71
102
{ACAD_REACTORS
330
16
102
}
330
16
100
AcDbVisualStyle
  2
Wireframe
 70
5
177
3
291
0
 70
58
 90
2
176
1
 90
2
176
1
 90
0
176
1
 90
0
176
1
 40
0.6
176
1
 40
30.0
176
1
 62
7
420
16777215
176
1
 90
1
176
1
 90
4
176
1
 62
7
176
1
 62
257
176
1
 90
1
176
1
 90
1
176
1
 40
1.0
176
1
 90
8
176
1
 62
7
176
1
 40
1.0
176
1
 90
1
176
1
 90
6
176
1
 90
2
176
1
 62
7
176
1
 90
5
176
1
 90
0
176
1
 90
0
176
1
290
0
176
1
 90
1
176
1
 40
0.0
176
1
 90
0
176
1
290
0
176
1
290
1
176
1
290
1
176
1
290
0
176
1
290
0
176
1
290
0
176
1
290
0
176
1
290
0
176
1
290
0
176
1
 90
50
176
1
 40
0.0
176
1
 40
1.0
176
1
 90
0
176
1
 62
18
420
0
176
1
 90
50
176
1
 90
3
176
1
 62
5
420
255
176
1
290
0
176
1
 90
50
176
1
 90
50
176
1
 90
50
176
1
290
0
176
1
 90
50
176
1
 62
256
176
0
 40
1.0
176
0
 90
2
176
1
  1
strokes_ogs.tif
176
1
290
0
176
1
 40
1.0
176
1
 40
1.0
176
1
  0
VISUALSTYLE
  5
72
102
{ACAD_REACTORS
330
16
102
}
330
16
100
AcDbVisualStyle
  2
X-Ray
 70
25
177
3
291
0
 70
58
 90
2
176
1
 90
2
176
1
 90
0
176
1
 90
2
176
1
 40
0.5
176
1
 40
30.0
176
1
 62
7
420
16777215
176
1
 90
1
176
1
 90
4
176
1
 62
7
176
1
 62
257
176
1
 90
1
176
1
 90
1
176
1
 40
1.0
176
1
 90
8
176
1
 62
7
176
1
 40
1.0
176
1
 90
1
176
1
 90
6
176
1
 90
2
176
1
 62
7
176
1
 90
5
176
1
 90
0
176
1
 90
0
176
1
290
0
176
1
 90
1
176
1
 40
0.0
176
1
 90
0
176
1
290
0
176
1
290
1
176
1
290
1
176
1
290
0
176
1
290
0
176
1
290
0
176
1
290
0
176
1
290
0
176
1
290
0
176
1
 90
50
176
1
 40
0.0
176
1
 40
1.0
176
1
 90
0
176
1
 62
18
420
0
176
1
 90
50
176
1
 90
3
176
1
 62
5
420
255
176
1
290
0
176
1
 90
50
176
1
 90
50
176
1
 90
50
176
1
290
0
176
1
 90
50
176
1
 62
256
176
0
 40
1.0
176
0
 90
2
176
1
  1
strokes_ogs.tif
176
1
290
0
176
1
 40
1.0
176
1
 40
1.0
176
1
  0
DICTIONARYVAR
  5
48D
330
2D
100
DictionaryVariables
280
0
  1
1.4.4 @ 2026-08-03T17:26:14.408436+00:00
  0
ENDSEC
  0
EOF
